"RelPath","Length"
"execute_restructure_phase0_1.py","7541"
"execute_restructure_phase2_7.py","7295"
"Data\processed\candidate_features\audit_candidate_dataset.csv","11887"
"Data\processed\candidate_features\competitor_analysis_dataset.csv","23709"
"Data\processed\candidate_features\coverage_metrics_dataset.csv","46191"
"Data\processed\candidate_features\dataset_stats.json","4311"
"Data\processed\candidate_features\ground_truth_scale_dataset.csv","52346"
"Data\processed\candidate_features\ranking_failure_dataset.csv","26836"
"Data\processed\candidate_features\scale_vs_performance_dataset.csv","70830"
"Data\processed\candidate_features\stage58_discovery_dataset.csv","551239"
"Data\processed\candidate_features\stage59a_stroke_consistency_dataset.csv","542906"
"Data\processed\candidate_features\stage59b_discovery_dataset.csv","463579"
"Data\processed\candidate_features\stage59b_existence_features.csv","613710"
"Data\processed\candidate_features\stage59b_promoted_noise_dataset.csv","116110"
"Data\processed\candidate_features\structural_metrics_dataset.csv","19612"
"Data\processed\candidate_features\topological_features_dataset.csv","728231"
"Data\raw\slds\SLD1.png","59966"
"Data\raw\slds\SLD10.png","136435"
"Data\raw\slds\SLD11.png","56541"
"Data\raw\slds\SLD12.png","11503"
"Data\raw\slds\SLD2.png","92423"
"Data\raw\slds\SLD3.png","81585"
"Data\raw\slds\SLD4.png","35186"
"Data\raw\slds\SLD7.png","169448"
"Data\raw\slds\SLD8.png","58386"
"Data\raw\slds\SLD9.png","43051"
"Data\templates\certified\MR_Symbol.png","2406"
"docs\project_master_retrospective.md","46908"
"docs\monograph\build_monograph.py","6280"
"docs\monograph\chapter_01_introduction.md","12808"
"docs\monograph\chapter_02_literature_review.md","17798"
"docs\monograph\chapter_03_architecture_selection.md","17868"
"docs\monograph\chapter_04_pipeline_design.md","20636"
"docs\monograph\chapter_05_implementation.md","8437"
"docs\monograph\chapter_06_template_bank.md","9351"
"docs\monograph\chapter_07_08_chamfer_and_coverage.md","15911"
"docs\monograph\chapter_09_structural_verification.md","11463"
"docs\monograph\chapter_10_11_12_integration_cascades_nms.md","17677"
"docs\monograph\chapter_13_14_15_benchmark_failures_conclusions.md","25628"
"docs\monograph\convert_to_pdf.py","7609"
"docs\monograph\MASTER_MONOGRAPH.html","207016"
"docs\monograph\MASTER_MONOGRAPH.md","164521"
"docs\monograph\MASTER_MONOGRAPH.pdf","2408007"
"exploration\archived\misc\chamfer.yaml","101"
"exploration\archived\misc\convert_to_pdf.py","13627"
"exploration\archived\misc\PRD_Symbol_Localization.md","129123"
"exploration\archived\misc\PRD_Symbol_Localization.pdf","115787"
"exploration\archived\misc\preprocessing.yaml","410"
"exploration\archived\misc\stage5_verification.yaml","407"
"exploration\archived\misc\template_bank.yaml","133"
"exploration\archived\reports\stage1_observations_for_future_stages.md","2025"
"exploration\archived\reports\stage2_certification.md","2475"
"exploration\archived\reports\stage2_decision_support.md","286"
"exploration\archived\reports\stage2_final_resolution.md","4298"
"exploration\archived\reports\stage2_readiness.md","1518"
"exploration\archived\reports\stage2_revalidation_verdict.md","840"
"exploration\archived\reports\stage2_transition_record.md","3733"
"exploration\archived\reports\stage3_candidate_generation.md","2353"
"exploration\archived\reports\stage3_failure_analysis.md","9479"
"exploration\archived\reports\stage3_readiness.md","1355"
"exploration\archived\reports\stage4_architecture_review.md","3488"
"exploration\archived\reports\stage4_candidate_survival_audit.md","929"
"exploration\archived\reports\stage4_feasibility_assessment.md","4541"
"exploration\archived\reports\stage4_rank_improvement_analysis.md","27619"
"exploration\archived\reports\stage4_readiness.md","1826"
"exploration\archived\reports\stage4_rescoring_effectiveness.md","1824"
"exploration\archived\reports\stage4_rescoring_methodology.md","1321"
"exploration\archived\reports\stage51_forensic_review.md","839"
"exploration\archived\reports\stage52_root_cause_verdict.md","3114"
"exploration\archived\reports\stage52_scale_traceability.md","40889"
"exploration\archived\reports\stage55_visual_forensics.md","672"
"exploration\archived\reports\stage56_architectural_verdict.md","1074"
"exploration\archived\reports\stage56_area_penalization_experiments.md","1066"
"exploration\archived\reports\stage56_competition_resolution_analysis.md","1377"
"exploration\archived\reports\stage56_experiment_registry.md","2855"
"exploration\archived\reports\stage56_input_validation.md","67"
"exploration\archived\reports\stage56_scale_normalization_experiments.md","1159"
"exploration\archived\reports\stage56_scale_regime_competition.md","772"
"exploration\archived\reports\stage56_verification_weighting_experiments.md","984"
"exploration\archived\reports\stage59_best_experiment_selection.md","1149"
"exploration\archived\reports\stage59_experiment_registry.md","1192"
"exploration\archived\reports\stage59_false_positive_composition_shift.md","872"
"exploration\archived\reports\stage59_input_validation.md","56"
"exploration\archived\reports\stage59_stage6_gate.md","1106"
"exploration\archived\reports\stage59_stroke_distribution_analysis.md","1031"
"exploration\archived\reports\stage59_stroke_integration_registry.md","1101"
"exploration\archived\reports\stage5_budget_validation.md","519"
"exploration\archived\reports\stage5_candidate_survival_audit.md","858"
"exploration\archived\reports\stage5_effectiveness_assessment.md","937"
"exploration\archived\reports\stage5_rank_improvement_analysis.md","21971"
"exploration\archived\reports\stage5_readiness.md","878"
"exploration\archived\reports\stage5_verification_methodology.md","877"
"exploration\archived\reports\stage6_readiness.md","890"
"exploration\archived\reports\stage6_readiness_reassessment.md","1190"
"exploration\archived\scratch\scratch_audit.py","8298"
"exploration\archived\scratch\scratch_csv_speed.py","921"
"exploration\archived\scratch\scratch_experiments.py","10888"
"exploration\archived\scratch\scratch_restructure_audit.py","5831"
"exploration\archived\scratch\scratch_search_candidates.py","482"
"exploration\archived\scratch\scratch_search_minima.py","445"
"exploration\archived\scratch\scratch_search_prd.py","610"
"exploration\archived\scratch\scratch_test_filter2d.py","2155"
"exploration\archived\scripts\generate_stage3_reports.py","26940"
"exploration\archived\scripts\stage4_rank_analysis.py","9292"
"exploration\archived\scripts\stage5_1_forensics.py","9009"
"exploration\archived\scripts\stage5_2_scale_audit.py","22591"
"exploration\archived\scripts\stage5_5_ranking_failure_audit.py","22403"
"exploration\archived\scripts\stage5_6_ranking_remediation.py","19012"
"exploration\archived\scripts\stage5_8_structural_discovery.py","23736"
"exploration\archived\scripts\stage5_9_discriminator_integration.py","21416"
"exploration\archived\scripts\stage5_evaluation.py","6046"
"exploration\symbol_existence_research\scripts\stage59b_existence_discovery.py","28249"
"exploration\template_consistency_research\scripts\stage59a_template_stroke_consistency.py","24116"
"exploration\verification_cascade_research\scripts\stage510_verification_cascade_discovery.py","23992"
"exploration\verification_cascade_research\scripts\stage510_verification_cascade_discovery_part2.py","5778"
"exploration\verification_cascade_research\scripts\stage510_verification_cascade_discovery_part3.py","4997"
"exploration\verification_cascade_research\scripts\stage510_verification_cascade_discovery_part4.py","3704"
"exploration\verification_cascade_research\scripts\stage510_verification_cascade_discovery_part5.py","4379"
"exploration\verification_cascade_research\scripts\stage510_visual_audit.py","18135"
"exploration\verification_cascade_research\scripts\stage510_visual_audit_part1.py","7464"
"exploration\verification_cascade_research\scripts\stage510_visual_audit_part2.py","238"
"outputs\archive\stage2_6_visual_forensics\method_method_b\scale_0.093.png","68410"
"outputs\archive\stage2_6_visual_forensics\method_method_b\scale_0.100.png","67372"
"outputs\archive\stage2_6_visual_forensics\method_method_b\scale_0.150.png","64722"
"outputs\archive\stage2_6_visual_forensics\method_method_b\scale_0.200.png","59242"
"outputs\archive\stage2_6_visual_forensics\method_method_b\scale_0.250.png","67497"
"outputs\archive\stage2_6_visual_forensics\method_method_b\scale_0.300.png","75877"
"outputs\archive\stage2_6_visual_forensics\method_method_b\scale_0.350.png","82285"
"outputs\archive\stage2_6_visual_forensics\method_method_b\scale_0.400.png","73479"
"outputs\archive\stage2_6_visual_forensics\method_method_c\scale_0.093.png","68630"
"outputs\archive\stage2_6_visual_forensics\method_method_c\scale_0.100.png","67589"
"outputs\archive\stage2_6_visual_forensics\method_method_c\scale_0.150.png","80968"
"outputs\archive\stage2_6_visual_forensics\method_method_c\scale_0.200.png","82983"
"outputs\archive\stage2_6_visual_forensics\method_method_c\scale_0.250.png","74906"
"outputs\archive\stage2_6_visual_forensics\method_method_c\scale_0.300.png","78167"
"outputs\archive\stage2_6_visual_forensics\method_method_c\scale_0.350.png","77104"
"outputs\archive\stage2_6_visual_forensics\method_method_c\scale_0.400.png","83366"
"outputs\archive\stage2_6_visual_forensics\method_method_d1\scale_0.093.png","70607"
"outputs\archive\stage2_6_visual_forensics\method_method_d1\scale_0.100.png","69499"
"outputs\archive\stage2_6_visual_forensics\method_method_d1\scale_0.150.png","81666"
"outputs\archive\stage2_6_visual_forensics\method_method_d1\scale_0.200.png","85145"
"outputs\archive\stage2_6_visual_forensics\method_method_d1\scale_0.250.png","74936"
"outputs\archive\stage2_6_visual_forensics\method_method_d1\scale_0.300.png","81719"
"outputs\archive\stage2_6_visual_forensics\method_method_d1\scale_0.350.png","77003"
"outputs\archive\stage2_6_visual_forensics\method_method_d1\scale_0.400.png","81175"
"outputs\archive\stage2_6_visual_forensics\method_method_d2\scale_0.093.png","70318"
"outputs\archive\stage2_6_visual_forensics\method_method_d2\scale_0.100.png","69177"
"outputs\archive\stage2_6_visual_forensics\method_method_d2\scale_0.150.png","81393"
"outputs\archive\stage2_6_visual_forensics\method_method_d2\scale_0.200.png","84882"
"outputs\archive\stage2_6_visual_forensics\method_method_d2\scale_0.250.png","74611"
"outputs\archive\stage2_6_visual_forensics\method_method_d2\scale_0.300.png","81449"
"outputs\archive\stage2_6_visual_forensics\method_method_d2\scale_0.350.png","76777"
"outputs\archive\stage2_6_visual_forensics\method_method_d2\scale_0.400.png","80845"
"outputs\archive\stage2_6_visual_forensics\method_method_d3\scale_0.093.png","70645"
"outputs\archive\stage2_6_visual_forensics\method_method_d3\scale_0.100.png","69557"
"outputs\archive\stage2_6_visual_forensics\method_method_d3\scale_0.150.png","81022"
"outputs\archive\stage2_6_visual_forensics\method_method_d3\scale_0.200.png","83399"
"outputs\archive\stage2_6_visual_forensics\method_method_d3\scale_0.250.png","74768"
"outputs\archive\stage2_6_visual_forensics\method_method_d3\scale_0.300.png","80839"
"outputs\archive\stage2_6_visual_forensics\method_method_d3\scale_0.350.png","76600"
"outputs\archive\stage2_6_visual_forensics\method_method_d3\scale_0.400.png","81195"
"outputs\archive\stage2_6_visual_forensics\method_method_e\scale_0.093.png","67449"
"outputs\archive\stage2_6_visual_forensics\method_method_e\scale_0.100.png","64501"
"outputs\archive\stage2_6_visual_forensics\method_method_e\scale_0.200.png","84404"
"outputs\archive\stage2_6_visual_forensics\method_method_e\scale_0.250.png","72728"
"outputs\archive\stage2_6_visual_forensics\method_method_e\scale_0.300.png","78996"
"outputs\archive\stage2_6_visual_forensics\method_method_e\scale_0.350.png","76335"
"outputs\archive\stage2_6_visual_forensics\method_method_e\scale_0.400.png","80664"
"outputs\archive\stage2_method_A_template_bank\scales\scale_0.150.png","94"
"outputs\archive\stage2_method_A_template_bank\scales\scale_0.400.png","163"
"outputs\diagrams\SLD10\binary.png","20720"
"outputs\diagrams\SLD10\edges.png","28463"
"outputs\diagrams\SLD10\gray.png","78163"
"outputs\diagrams\SLD11\binary.png","10509"
"outputs\diagrams\SLD11\edges.png","13551"
"outputs\diagrams\SLD11\gray.png","35761"
"outputs\diagrams\SLD12\binary.png","2097"
"outputs\diagrams\SLD12\edges.png","2718"
"outputs\diagrams\SLD12\gray.png","6171"
"outputs\diagrams\SLD2\binary.png","12825"
"outputs\diagrams\SLD2\edges.png","16836"
"outputs\diagrams\SLD2\gray.png","49845"
"outputs\diagrams\SLD3\binary.png","12996"
"outputs\diagrams\SLD3\edges.png","17683"
"outputs\diagrams\SLD3\gray.png","49898"
"outputs\diagrams\SLD4\binary.png","5267"
"outputs\diagrams\SLD4\edges.png","6763"
"outputs\diagrams\SLD4\gray.png","19899"
"outputs\diagrams\SLD7\binary.png","25006"
"outputs\diagrams\SLD7\edges.png","35228"
"outputs\diagrams\SLD7\gray.png","98832"
"outputs\diagrams\SLD8\binary.png","8900"
"outputs\diagrams\SLD8\edges.png","11781"
"outputs\diagrams\SLD8\gray.png","30448"
"outputs\diagrams\SLD9\binary.png","7856"
"outputs\diagrams\SLD9\edges.png","10437"
"outputs\diagrams\SLD9\gray.png","22305"
"outputs\nms_overlays\comparisons\SLD10_comparison.png","586474"
"outputs\nms_overlays\comparisons\SLD11_comparison.png","929762"
"outputs\nms_overlays\comparisons\SLD12_comparison.png","216152"
"outputs\nms_overlays\comparisons\SLD1_comparison.png","225167"
"outputs\nms_overlays\comparisons\SLD2_comparison.png","676675"
"outputs\nms_overlays\comparisons\SLD3_comparison.png","313184"
"outputs\nms_overlays\comparisons\SLD4_comparison.png","411779"
"outputs\nms_overlays\comparisons\SLD7_comparison.png","662784"
"outputs\nms_overlays\comparisons\SLD8_comparison.png","570502"
"outputs\nms_overlays\comparisons\SLD9_comparison.png","171601"
"outputs\nms_overlays\iou_020\filtered_candidates.csv","1995216"
"outputs\nms_overlays\iou_020\score_distribution.png","61259"
"outputs\nms_overlays\iou_020\SLD10_overlay.png","234561"
"outputs\nms_overlays\iou_020\SLD11_overlay.png","117315"
"outputs\nms_overlays\iou_020\SLD12_overlay.png","23897"
"outputs\nms_overlays\iou_020\SLD1_overlay.png","84509"
"outputs\nms_overlays\iou_020\SLD2_overlay.png","147254"
"outputs\nms_overlays\iou_020\SLD3_overlay.png","149379"
"outputs\nms_overlays\iou_020\SLD4_overlay.png","59972"
"outputs\nms_overlays\iou_020\SLD7_overlay.png","303555"
"outputs\nms_overlays\iou_020\SLD8_overlay.png","94284"
"outputs\nms_overlays\iou_020\SLD9_overlay.png","68509"
"outputs\nms_overlays\iou_020\suppressed_candidates.csv","4834145"
"outputs\nms_overlays\iou_020\suppression_log.json","3203876"
"outputs\nms_overlays\iou_030\filtered_candidates.csv","2506240"
"outputs\nms_overlays\iou_030\score_distribution.png","61799"
"outputs\nms_overlays\iou_030\SLD10_overlay.png","234558"
"outputs\nms_overlays\iou_030\SLD11_overlay.png","117301"
"outputs\nms_overlays\iou_030\SLD12_overlay.png","23888"
"outputs\nms_overlays\iou_030\SLD1_overlay.png","84498"
"outputs\nms_overlays\iou_030\SLD2_overlay.png","147248"
"outputs\nms_overlays\iou_030\SLD3_overlay.png","149371"
"outputs\nms_overlays\iou_030\SLD4_overlay.png","59963"
"outputs\nms_overlays\iou_030\SLD7_overlay.png","303547"
"outputs\nms_overlays\iou_030\SLD8_overlay.png","94280"
"outputs\nms_overlays\iou_030\SLD9_overlay.png","68498"
"outputs\nms_overlays\iou_030\suppressed_candidates.csv","4331838"
"outputs\nms_overlays\iou_030\suppression_log.json","2876369"
"outputs\nms_overlays\iou_040\filtered_candidates.csv","3013164"
"outputs\nms_overlays\iou_040\score_distribution.png","61784"
"outputs\nms_overlays\iou_040\SLD10_overlay.png","234571"
"outputs\nms_overlays\iou_040\SLD11_overlay.png","117329"
"outputs\nms_overlays\iou_040\SLD12_overlay.png","23915"
"outputs\nms_overlays\iou_040\SLD1_overlay.png","84526"
"outputs\nms_overlays\iou_040\SLD2_overlay.png","147255"
"outputs\nms_overlays\iou_040\SLD3_overlay.png","149404"
"outputs\nms_overlays\iou_040\SLD4_overlay.png","59976"
"outputs\nms_overlays\iou_040\SLD7_overlay.png","303583"
"outputs\nms_overlays\iou_040\SLD8_overlay.png","94301"
"outputs\nms_overlays\iou_040\SLD9_overlay.png","68525"
"outputs\nms_overlays\iou_040\suppressed_candidates.csv","3833590"
"outputs\nms_overlays\iou_040\suppression_log.json","2550873"
"outputs\nms_overlays\iou_050\filtered_candidates.csv","3732397"
"outputs\nms_overlays\iou_050\score_distribution.png","61974"
"outputs\nms_overlays\iou_050\SLD10_overlay.png","234567"
"outputs\nms_overlays\iou_050\SLD11_overlay.png","117325"
"outputs\nms_overlays\iou_050\SLD12_overlay.png","23908"
"outputs\nms_overlays\iou_050\SLD1_overlay.png","84521"
"outputs\nms_overlays\iou_050\SLD2_overlay.png","147257"
"outputs\nms_overlays\iou_050\SLD3_overlay.png","149207"
"outputs\nms_overlays\iou_050\SLD4_overlay.png","59972"
"outputs\nms_overlays\iou_050\SLD7_overlay.png","303573"
"outputs\nms_overlays\iou_050\SLD8_overlay.png","94296"
"outputs\nms_overlays\iou_050\SLD9_overlay.png","68518"
"outputs\nms_overlays\iou_050\suppressed_candidates.csv","3126630"
"outputs\nms_overlays\iou_050\suppression_log.json","2090484"
"outputs\nms_overlays\iou_060\filtered_candidates.csv","4361353"
"outputs\nms_overlays\iou_060\score_distribution.png","62335"
"outputs\nms_overlays\iou_060\SLD10_overlay.png","234608"
"outputs\nms_overlays\iou_060\SLD11_overlay.png","116796"
"outputs\nms_overlays\iou_060\SLD12_overlay.png","23956"
"outputs\nms_overlays\iou_060\SLD1_overlay.png","83968"
"outputs\nms_overlays\iou_060\SLD2_overlay.png","147285"
"outputs\nms_overlays\iou_060\SLD3_overlay.png","149211"
"outputs\nms_overlays\iou_060\SLD4_overlay.png","60011"
"outputs\nms_overlays\iou_060\SLD7_overlay.png","303613"
"outputs\nms_overlays\iou_060\SLD8_overlay.png","94314"
"outputs\nms_overlays\iou_060\SLD9_overlay.png","68564"
"outputs\nms_overlays\iou_060\suppressed_candidates.csv","2508305"
"outputs\nms_overlays\iou_060\suppression_log.json","1692015"
"outputs\nms_overlays\iou_070\filtered_candidates.csv","5279996"
"outputs\nms_overlays\iou_070\score_distribution.png","61851"
"outputs\nms_overlays\iou_070\SLD10_overlay.png","234510"
"outputs\nms_overlays\iou_070\SLD11_overlay.png","116528"
"outputs\nms_overlays\iou_070\SLD12_overlay.png","23611"
"outputs\nms_overlays\iou_070\SLD1_overlay.png","83127"
"outputs\nms_overlays\iou_070\SLD2_overlay.png","147224"
"outputs\nms_overlays\iou_070\SLD3_overlay.png","149201"
"outputs\nms_overlays\iou_070\SLD4_overlay.png","59934"
"outputs\nms_overlays\iou_070\SLD7_overlay.png","303517"
"outputs\nms_overlays\iou_070\SLD8_overlay.png","93969"
"outputs\nms_overlays\iou_070\SLD9_overlay.png","68471"
"outputs\nms_overlays\iou_070\suppressed_candidates.csv","1605379"
"outputs\nms_overlays\iou_070\suppression_log.json","1103152"
"outputs\tabular\baseline_edge_generation_audit.md","3766"
"outputs\tabular\baseline_template_metrics.md","1179"
"outputs\tabular\chamfer_readiness_assessment.md","4271"
"outputs\tabular\degradation_threshold.md","541"
"outputs\tabular\prd_scale_assumption_audit.md","5671"
"outputs\tabular\prd_scale_dependency_analysis.md","6139"
"outputs\tabular\prd_scale_evidence_audit.md","4591"
"outputs\tabular\prd_scale_range_provenance.md","8227"
"outputs\tabular\prd_scale_rationale_analysis.md","4886"
"outputs\tabular\prd_scale_references.md","12519"
"outputs\tabular\prd_scale_support_assessment.md","4053"
"outputs\tabular\SLD10_dt.tiff","5792096"
"outputs\tabular\SLD10_T_0.150_000.npy","5615160"
"outputs\tabular\SLD10_T_0.150_090.npy","5591184"
"outputs\tabular\SLD10_T_0.150_180.npy","5615160"
"outputs\tabular\SLD10_T_0.150_270.npy","5591184"
"outputs\tabular\SLD10_T_0.178_000.npy","5578504"
"outputs\tabular\SLD10_T_0.178_090.npy","5549200"
"outputs\tabular\SLD10_T_0.178_180.npy","5578504"
"outputs\tabular\SLD10_T_0.178_270.npy","5549200"
"outputs\tabular\SLD10_T_0.206_000.npy","5545548"
"outputs\tabular\SLD10_T_0.206_090.npy","5513580"
"outputs\tabular\SLD10_T_0.206_180.npy","5545548"
"outputs\tabular\SLD10_T_0.206_270.npy","5513580"
"outputs\tabular\SLD10_T_0.233_000.npy","5509120"
"outputs\tabular\SLD10_T_0.233_090.npy","5471824"
"outputs\tabular\SLD10_T_0.233_180.npy","5509120"
"outputs\tabular\SLD10_T_0.233_270.npy","5471824"
"outputs\tabular\SLD10_T_0.261_000.npy","5476368"
"outputs\tabular\SLD10_T_0.261_090.npy","5436408"
"outputs\tabular\SLD10_T_0.261_180.npy","5476368"
"outputs\tabular\SLD10_T_0.261_270.npy","5436408"
"outputs\tabular\SLD10_T_0.289_000.npy","5440168"
"outputs\tabular\SLD10_T_0.289_090.npy","5394880"
"outputs\tabular\SLD10_T_0.289_180.npy","5440168"
"outputs\tabular\SLD10_T_0.289_270.npy","5394880"
"outputs\tabular\SLD10_T_0.317_000.npy","5407620"
"outputs\tabular\SLD10_T_0.317_090.npy","5359668"
"outputs\tabular\SLD10_T_0.317_180.npy","5407620"
"outputs\tabular\SLD10_T_0.317_270.npy","5359668"
"outputs\tabular\SLD10_T_0.344_000.npy","5381276"
"outputs\tabular\SLD10_T_0.344_090.npy","5327996"
"outputs\tabular\SLD10_T_0.344_180.npy","5381276"
"outputs\tabular\SLD10_T_0.344_270.npy","5327996"
"outputs\tabular\SLD10_T_0.372_000.npy","5345392"
"outputs\tabular\SLD10_T_0.372_090.npy","5286784"
"outputs\tabular\SLD10_T_0.372_180.npy","5345392"
"outputs\tabular\SLD10_T_0.372_270.npy","5286784"
"outputs\tabular\SLD10_T_0.400_000.npy","5313128"
"outputs\tabular\SLD10_T_0.400_090.npy","5251856"
"outputs\tabular\SLD10_T_0.400_180.npy","5313128"
"outputs\tabular\SLD10_T_0.400_270.npy","5251856"
"outputs\tabular\SLD11_dt.tiff","2149288"
"outputs\tabular\SLD11_T_0.150_000.npy","2041184"
"outputs\tabular\SLD11_T_0.150_090.npy","2038628"
"outputs\tabular\SLD11_T_0.150_180.npy","2041184"
"outputs\tabular\SLD11_T_0.150_270.npy","2038628"
"outputs\tabular\SLD11_T_0.178_000.npy","2018612"
"outputs\tabular\SLD11_T_0.178_090.npy","2015488"
"outputs\tabular\SLD11_T_0.178_180.npy","2018612"
"outputs\tabular\SLD11_T_0.178_270.npy","2015488"
"outputs\tabular\SLD11_T_0.206_000.npy","1998872"
"outputs\tabular\SLD11_T_0.206_090.npy","1995464"
"outputs\tabular\SLD11_T_0.206_180.npy","1998872"
"outputs\tabular\SLD11_T_0.206_270.npy","1995464"
"outputs\tabular\SLD11_T_0.233_000.npy","1976528"
"outputs\tabular\SLD11_T_0.233_090.npy","1972552"
"outputs\tabular\SLD11_T_0.233_180.npy","1976528"
"outputs\tabular\SLD11_T_0.233_270.npy","1972552"
"outputs\tabular\SLD11_T_0.261_000.npy","1956992"
"outputs\tabular\SLD11_T_0.261_090.npy","1952732"
"outputs\tabular\SLD11_T_0.261_180.npy","1956992"
"outputs\tabular\SLD11_T_0.261_270.npy","1952732"
"outputs\tabular\SLD11_T_0.289_000.npy","1934876"
"outputs\tabular\SLD11_T_0.289_090.npy","1930048"
"outputs\tabular\SLD11_T_0.289_180.npy","1934876"
"outputs\tabular\SLD11_T_0.289_270.npy","1930048"
"outputs\tabular\SLD11_T_0.317_000.npy","1915544"
"outputs\tabular\SLD11_T_0.317_090.npy","1910432"
"outputs\tabular\SLD11_T_0.317_180.npy","1915544"
"outputs\tabular\SLD11_T_0.317_270.npy","1910432"
"outputs\tabular\SLD11_T_0.344_000.npy","1899168"
"outputs\tabular\SLD11_T_0.344_090.npy","1893488"
"outputs\tabular\SLD11_T_0.344_180.npy","1899168"
"outputs\tabular\SLD11_T_0.344_270.npy","1893488"
"outputs\tabular\SLD11_T_0.372_000.npy","1877368"
"outputs\tabular\SLD11_T_0.372_090.npy","1871120"
"outputs\tabular\SLD11_T_0.372_180.npy","1877368"
"outputs\tabular\SLD11_T_0.372_270.npy","1871120"
"outputs\tabular\SLD11_T_0.400_000.npy","1858320"
"outputs\tabular\SLD11_T_0.400_090.npy","1851788"
"outputs\tabular\SLD11_T_0.400_180.npy","1858320"
"outputs\tabular\SLD11_T_0.400_270.npy","1851788"
"outputs\tabular\SLD12_dt.tiff","390690"
"outputs\tabular\SLD12_T_0.150_000.npy","332544"
"outputs\tabular\SLD12_T_0.150_090.npy","305220"
"outputs\tabular\SLD12_T_0.150_180.npy","332544"
"outputs\tabular\SLD12_T_0.150_270.npy","305220"
"outputs\tabular\SLD12_T_0.178_000.npy","320468"
"outputs\tabular\SLD12_T_0.178_090.npy","287072"
"outputs\tabular\SLD12_T_0.178_180.npy","320468"
"outputs\tabular\SLD12_T_0.178_270.npy","287072"
"outputs\tabular\SLD12_T_0.206_000.npy","308880"
"outputs\tabular\SLD12_T_0.206_090.npy","272448"
"outputs\tabular\SLD12_T_0.206_180.npy","308880"
"outputs\tabular\SLD12_T_0.206_270.npy","272448"
"outputs\tabular\SLD12_T_0.233_000.npy","297032"
"outputs\tabular\SLD12_T_0.233_090.npy","254528"
"outputs\tabular\SLD12_T_0.233_180.npy","297032"
"outputs\tabular\SLD12_T_0.233_270.npy","254528"
"outputs\tabular\SLD12_T_0.261_000.npy","285648"
"outputs\tabular\SLD12_T_0.261_090.npy","240108"
"outputs\tabular\SLD12_T_0.261_180.npy","285648"
"outputs\tabular\SLD12_T_0.261_270.npy","240108"
"outputs\tabular\SLD12_T_0.289_000.npy","274028"
"outputs\tabular\SLD12_T_0.289_090.npy","222416"
"outputs\tabular\SLD12_T_0.289_180.npy","274028"
"outputs\tabular\SLD12_T_0.289_270.npy","222416"
"outputs\tabular\SLD12_T_0.317_000.npy","262848"
"outputs\tabular\SLD12_T_0.317_090.npy","208200"
"outputs\tabular\SLD12_T_0.317_180.npy","262848"
"outputs\tabular\SLD12_T_0.317_270.npy","208200"
"outputs\tabular\SLD12_T_0.344_000.npy","255032"
"outputs\tabular\SLD12_T_0.344_090.npy","194312"
"outputs\tabular\SLD12_T_0.344_180.npy","255032"
"outputs\tabular\SLD12_T_0.344_270.npy","194312"
"outputs\tabular\SLD12_T_0.372_000.npy","243728"
"outputs\tabular\SLD12_T_0.372_090.npy","176936"
"outputs\tabular\SLD12_T_0.372_180.npy","243728"
"outputs\tabular\SLD12_T_0.372_270.npy","176936"
"outputs\tabular\SLD12_T_0.400_000.npy","232832"
"outputs\tabular\SLD12_T_0.400_090.npy","163004"
"outputs\tabular\SLD12_T_0.400_180.npy","232832"
"outputs\tabular\SLD12_T_0.400_270.npy","163004"
"outputs\tabular\SLD1_dt.tiff","2361670"
"outputs\tabular\SLD1_T_0.150_000.npy","2239040"
"outputs\tabular\SLD1_T_0.150_090.npy","2197208"
"outputs\tabular\SLD1_T_0.150_180.npy","2239040"
"outputs\tabular\SLD1_T_0.150_270.npy","2197208"
"outputs\tabular\SLD1_T_0.178_000.npy","2213488"
"outputs\tabular\SLD1_T_0.178_090.npy","2162360"
"outputs\tabular\SLD1_T_0.178_180.npy","2213488"
"outputs\tabular\SLD1_T_0.178_270.npy","2162360"
"outputs\tabular\SLD1_T_0.206_000.npy","2189504"
"outputs\tabular\SLD1_T_0.206_090.npy","2133728"
"outputs\tabular\SLD1_T_0.206_180.npy","2189504"
"outputs\tabular\SLD1_T_0.206_270.npy","2133728"
"outputs\tabular\SLD1_T_0.233_000.npy","2164180"
"outputs\tabular\SLD1_T_0.233_090.npy","2099108"
"outputs\tabular\SLD1_T_0.233_180.npy","2164180"
"outputs\tabular\SLD1_T_0.233_270.npy","2099108"
"outputs\tabular\SLD1_T_0.261_000.npy","2140400"
"outputs\tabular\SLD1_T_0.261_090.npy","2070680"
"outputs\tabular\SLD1_T_0.261_180.npy","2140400"
"outputs\tabular\SLD1_T_0.261_270.npy","2070680"
"outputs\tabular\SLD1_T_0.289_000.npy","2115304"
"outputs\tabular\SLD1_T_0.289_090.npy","2036288"
"outputs\tabular\SLD1_T_0.289_180.npy","2115304"
"outputs\tabular\SLD1_T_0.289_270.npy","2036288"
"outputs\tabular\SLD1_T_0.317_000.npy","2091728"
"outputs\tabular\SLD1_T_0.317_090.npy","2008064"
"outputs\tabular\SLD1_T_0.317_180.npy","2091728"
"outputs\tabular\SLD1_T_0.317_270.npy","2008064"
"outputs\tabular\SLD1_T_0.344_000.npy","2074208"
"outputs\tabular\SLD1_T_0.344_090.npy","1981248"
"outputs\tabular\SLD1_T_0.344_180.npy","2074208"
"outputs\tabular\SLD1_T_0.344_270.npy","1981248"
"outputs\tabular\SLD1_T_0.372_000.npy","2049428"
"outputs\tabular\SLD1_T_0.372_090.npy","1947172"
"outputs\tabular\SLD1_T_0.372_180.npy","2049428"
"outputs\tabular\SLD1_T_0.372_270.npy","1947172"
"outputs\tabular\SLD1_T_0.400_000.npy","2026136"
"outputs\tabular\SLD1_T_0.400_090.npy","1919232"
"outputs\tabular\SLD1_T_0.400_180.npy","2026136"
"outputs\tabular\SLD1_T_0.400_270.npy","1919232"
"outputs\tabular\SLD2_dt.tiff","2779268"
"outputs\tabular\SLD2_T_0.150_000.npy","2658784"
"outputs\tabular\SLD2_T_0.150_090.npy","2646328"
"outputs\tabular\SLD2_T_0.150_180.npy","2658784"
"outputs\tabular\SLD2_T_0.150_270.npy","2646328"
"outputs\tabular\SLD2_T_0.178_000.npy","2633552"
"outputs\tabular\SLD2_T_0.178_090.npy","2618328"
"outputs\tabular\SLD2_T_0.178_180.npy","2633552"
"outputs\tabular\SLD2_T_0.178_270.npy","2618328"
"outputs\tabular\SLD2_T_0.206_000.npy","2611072"
"outputs\tabular\SLD2_T_0.206_090.npy","2594464"
"outputs\tabular\SLD2_T_0.206_180.npy","2611072"
"outputs\tabular\SLD2_T_0.206_270.npy","2594464"
"outputs\tabular\SLD2_T_0.233_000.npy","2586068"
"outputs\tabular\SLD2_T_0.233_090.npy","2566692"
"outputs\tabular\SLD2_T_0.233_180.npy","2586068"
"outputs\tabular\SLD2_T_0.233_270.npy","2566692"
"outputs\tabular\SLD2_T_0.261_000.npy","2563792"
"outputs\tabular\SLD2_T_0.261_090.npy","2543032"
"outputs\tabular\SLD2_T_0.261_180.npy","2563792"
"outputs\tabular\SLD2_T_0.261_270.npy","2543032"
"outputs\tabular\SLD2_T_0.289_000.npy","2539016"
"outputs\tabular\SLD2_T_0.289_090.npy","2515488"
"outputs\tabular\SLD2_T_0.289_180.npy","2539016"
"outputs\tabular\SLD2_T_0.289_270.npy","2515488"
"outputs\tabular\SLD2_T_0.317_000.npy","2516944"
"outputs\tabular\SLD2_T_0.317_090.npy","2492032"
"outputs\tabular\SLD2_T_0.317_180.npy","2516944"
"outputs\tabular\SLD2_T_0.317_270.npy","2492032"
"outputs\tabular\SLD2_T_0.344_000.npy","2498848"
"outputs\tabular\SLD2_T_0.344_090.npy","2471168"
"outputs\tabular\SLD2_T_0.344_180.npy","2498848"
"outputs\tabular\SLD2_T_0.344_270.npy","2471168"
"outputs\tabular\SLD2_T_0.372_000.npy","2474388"
"outputs\tabular\SLD2_T_0.372_090.npy","2443940"
"outputs\tabular\SLD2_T_0.372_180.npy","2474388"
"outputs\tabular\SLD2_T_0.372_270.npy","2443940"
"outputs\tabular\SLD2_T_0.400_000.npy","2452600"
"outputs\tabular\SLD2_T_0.400_090.npy","2420768"
"outputs\tabular\SLD2_T_0.400_180.npy","2452600"
"outputs\tabular\SLD2_T_0.400_270.npy","2420768"
"outputs\tabular\SLD3_dt.tiff","2635762"
"outputs\tabular\SLD3_T_0.150_000.npy","2500784"
"outputs\tabular\SLD3_T_0.150_090.npy","2449628"
"outputs\tabular\SLD3_T_0.150_180.npy","2500784"
"outputs\tabular\SLD3_T_0.150_270.npy","2449628"
"outputs\tabular\SLD3_T_0.178_000.npy","2472572"
"outputs\tabular\SLD3_T_0.178_090.npy","2410048"
"outputs\tabular\SLD3_T_0.178_180.npy","2472572"
"outputs\tabular\SLD3_T_0.178_270.npy","2410048"
"outputs\tabular\SLD3_T_0.206_000.npy","2445872"
"outputs\tabular\SLD3_T_0.206_090.npy","2377664"
"outputs\tabular\SLD3_T_0.206_180.npy","2445872"
"outputs\tabular\SLD3_T_0.206_270.npy","2377664"
"outputs\tabular\SLD3_T_0.233_000.npy","2417888"
"outputs\tabular\SLD3_T_0.233_090.npy","2338312"
"outputs\tabular\SLD3_T_0.233_180.npy","2417888"
"outputs\tabular\SLD3_T_0.233_270.npy","2338312"
"outputs\tabular\SLD3_T_0.261_000.npy","2391392"
"outputs\tabular\SLD3_T_0.261_090.npy","2306132"
"outputs\tabular\SLD3_T_0.261_180.npy","2391392"
"outputs\tabular\SLD3_T_0.261_270.npy","2306132"
"outputs\tabular\SLD3_T_0.289_000.npy","2363636"
"outputs\tabular\SLD3_T_0.289_090.npy","2267008"
"outputs\tabular\SLD3_T_0.289_180.npy","2363636"
"outputs\tabular\SLD3_T_0.289_270.npy","2267008"
"outputs\tabular\SLD3_T_0.317_000.npy","2337344"
"outputs\tabular\SLD3_T_0.317_090.npy","2235032"
"outputs\tabular\SLD3_T_0.317_180.npy","2337344"
"outputs\tabular\SLD3_T_0.317_270.npy","2235032"
"outputs\tabular\SLD3_T_0.344_000.npy","2318088"
"outputs\tabular\SLD3_T_0.344_090.npy","2204408"
"outputs\tabular\SLD3_T_0.344_180.npy","2318088"
"outputs\tabular\SLD3_T_0.344_270.npy","2204408"
"outputs\tabular\SLD3_T_0.372_000.npy","2290648"
"outputs\tabular\SLD3_T_0.372_090.npy","2165600"
"outputs\tabular\SLD3_T_0.372_180.npy","2290648"
"outputs\tabular\SLD3_T_0.372_270.npy","2165600"
"outputs\tabular\SLD3_T_0.400_000.npy","2264640"
"outputs\tabular\SLD3_T_0.400_090.npy","2133908"
"outputs\tabular\SLD3_T_0.400_180.npy","2264640"
"outputs\tabular\SLD3_T_0.400_270.npy","2133908"
"outputs\tabular\SLD4_dt.tiff","823034"
"outputs\tabular\SLD4_T_0.150_000.npy","754940"
"outputs\tabular\SLD4_T_0.150_090.npy","735104"
"outputs\tabular\SLD4_T_0.150_180.npy","754940"
"outputs\tabular\SLD4_T_0.150_270.npy","735104"
"outputs\tabular\SLD4_T_0.178_000.npy","740784"
"outputs\tabular\SLD4_T_0.178_090.npy","716540"
"outputs\tabular\SLD4_T_0.178_180.npy","740784"
"outputs\tabular\SLD4_T_0.178_270.npy","716540"
"outputs\tabular\SLD4_T_0.206_000.npy","727688"
"outputs\tabular\SLD4_T_0.206_090.npy","701240"
"outputs\tabular\SLD4_T_0.206_180.npy","727688"
"outputs\tabular\SLD4_T_0.206_270.npy","701240"
"outputs\tabular\SLD4_T_0.233_000.npy","713760"
"outputs\tabular\SLD4_T_0.233_090.npy","682904"
"outputs\tabular\SLD4_T_0.233_180.npy","713760"
"outputs\tabular\SLD4_T_0.233_270.npy","682904"
"outputs\tabular\SLD4_T_0.261_000.npy","700868"
"outputs\tabular\SLD4_T_0.261_090.npy","667808"
"outputs\tabular\SLD4_T_0.261_180.npy","700868"
"outputs\tabular\SLD4_T_0.261_270.npy","667808"
"outputs\tabular\SLD4_T_0.289_000.npy","687168"
"outputs\tabular\SLD4_T_0.289_090.npy","649700"
"outputs\tabular\SLD4_T_0.289_180.npy","687168"
"outputs\tabular\SLD4_T_0.289_270.npy","649700"
"outputs\tabular\SLD4_T_0.317_000.npy","674480"
"outputs\tabular\SLD4_T_0.317_090.npy","634808"
"outputs\tabular\SLD4_T_0.317_180.npy","674480"
"outputs\tabular\SLD4_T_0.317_270.npy","634808"
"outputs\tabular\SLD4_T_0.344_000.npy","664896"
"outputs\tabular\SLD4_T_0.344_090.npy","620816"
"outputs\tabular\SLD4_T_0.344_180.npy","664896"
"outputs\tabular\SLD4_T_0.344_270.npy","620816"
"outputs\tabular\SLD4_T_0.372_000.npy","651512"
"outputs\tabular\SLD4_T_0.372_090.npy","603024"
"outputs\tabular\SLD4_T_0.372_180.npy","651512"
"outputs\tabular\SLD4_T_0.372_270.npy","603024"
"outputs\tabular\SLD4_T_0.400_000.npy","639108"
"outputs\tabular\SLD4_T_0.400_090.npy","588416"
"outputs\tabular\SLD4_T_0.400_180.npy","639108"
"outputs\tabular\SLD4_T_0.400_270.npy","588416"
"outputs\tabular\SLD7_dt.tiff","5829788"
"outputs\tabular\SLD7_T_0.150_000.npy","5651228"
"outputs\tabular\SLD7_T_0.150_090.npy","5616704"
"outputs\tabular\SLD7_T_0.150_180.npy","5651228"
"outputs\tabular\SLD7_T_0.150_270.npy","5616704"
"outputs\tabular\SLD7_T_0.178_000.npy","5614128"
"outputs\tabular\SLD7_T_0.178_090.npy","5571932"
"outputs\tabular\SLD7_T_0.178_180.npy","5614128"
"outputs\tabular\SLD7_T_0.178_270.npy","5571932"
"outputs\tabular\SLD7_T_0.206_000.npy","5580344"
"outputs\tabular\SLD7_T_0.206_090.npy","5534312"
"outputs\tabular\SLD7_T_0.206_180.npy","5580344"
"outputs\tabular\SLD7_T_0.206_270.npy","5534312"
"outputs\tabular\SLD7_T_0.233_000.npy","5543472"
"outputs\tabular\SLD7_T_0.233_090.npy","5489768"
"outputs\tabular\SLD7_T_0.233_180.npy","5543472"
"outputs\tabular\SLD7_T_0.233_270.npy","5489768"
"outputs\tabular\SLD7_T_0.261_000.npy","5509892"
"outputs\tabular\SLD7_T_0.261_090.npy","5452352"
"outputs\tabular\SLD7_T_0.261_180.npy","5509892"
"outputs\tabular\SLD7_T_0.261_270.npy","5452352"
"outputs\tabular\SLD7_T_0.289_000.npy","5473248"
"outputs\tabular\SLD7_T_0.289_090.npy","5408036"
"outputs\tabular\SLD7_T_0.289_180.npy","5473248"
"outputs\tabular\SLD7_T_0.289_270.npy","5408036"
"outputs\tabular\SLD7_T_0.317_000.npy","5439872"
"outputs\tabular\SLD7_T_0.317_090.npy","5370824"
"outputs\tabular\SLD7_T_0.317_180.npy","5439872"
"outputs\tabular\SLD7_T_0.317_270.npy","5370824"
"outputs\tabular\SLD7_T_0.344_000.npy","5413488"
"outputs\tabular\SLD7_T_0.344_090.npy","5336768"
"outputs\tabular\SLD7_T_0.344_180.npy","5413488"
"outputs\tabular\SLD7_T_0.344_270.npy","5336768"
"outputs\tabular\SLD7_T_0.372_000.npy","5377160"
"outputs\tabular\SLD7_T_0.372_090.npy","5292768"
"outputs\tabular\SLD7_T_0.372_180.npy","5377160"
"outputs\tabular\SLD7_T_0.372_270.npy","5292768"
"outputs\tabular\SLD7_T_0.400_000.npy","5344068"
"outputs\tabular\SLD7_T_0.400_090.npy","5255840"
"outputs\tabular\SLD7_T_0.400_180.npy","5344068"
"outputs\tabular\SLD7_T_0.400_270.npy","5255840"
"outputs\tabular\SLD8_dt.tiff","1937108"
"outputs\tabular\SLD8_T_0.150_000.npy","1836904"
"outputs\tabular\SLD8_T_0.150_090.npy","1823800"
"outputs\tabular\SLD8_T_0.150_180.npy","1836904"
"outputs\tabular\SLD8_T_0.150_270.npy","1823800"
"outputs\tabular\SLD8_T_0.178_000.npy","1815968"
"outputs\tabular\SLD8_T_0.178_090.npy","1799952"
"outputs\tabular\SLD8_T_0.178_180.npy","1815968"
"outputs\tabular\SLD8_T_0.178_270.npy","1799952"
"outputs\tabular\SLD8_T_0.206_000.npy","1797220"
"outputs\tabular\SLD8_T_0.206_090.npy","1779748"
"outputs\tabular\SLD8_T_0.206_180.npy","1797220"
"outputs\tabular\SLD8_T_0.206_270.npy","1779748"
"outputs\tabular\SLD8_T_0.233_000.npy","1776512"
"outputs\tabular\SLD8_T_0.233_090.npy","1756128"
"outputs\tabular\SLD8_T_0.233_180.npy","1776512"
"outputs\tabular\SLD8_T_0.233_270.npy","1756128"
"outputs\tabular\SLD8_T_0.261_000.npy","1757968"
"outputs\tabular\SLD8_T_0.261_090.npy","1736128"
"outputs\tabular\SLD8_T_0.261_180.npy","1757968"
"outputs\tabular\SLD8_T_0.261_270.npy","1736128"
"outputs\tabular\SLD8_T_0.289_000.npy","1737488"
"outputs\tabular\SLD8_T_0.289_090.npy","1712736"
"outputs\tabular\SLD8_T_0.289_180.npy","1737488"
"outputs\tabular\SLD8_T_0.289_270.npy","1712736"
"outputs\tabular\SLD8_T_0.317_000.npy","1719148"
"outputs\tabular\SLD8_T_0.317_090.npy","1692940"
"outputs\tabular\SLD8_T_0.317_180.npy","1719148"
"outputs\tabular\SLD8_T_0.317_270.npy","1692940"
"outputs\tabular\SLD8_T_0.344_000.npy","1704292"
"outputs\tabular\SLD8_T_0.344_090.npy","1675172"
"outputs\tabular\SLD8_T_0.344_180.npy","1704292"
"outputs\tabular\SLD8_T_0.344_270.npy","1675172"
"outputs\tabular\SLD8_T_0.372_000.npy","1684128"
"outputs\tabular\SLD8_T_0.372_090.npy","1652096"
"outputs\tabular\SLD8_T_0.372_180.npy","1684128"
"outputs\tabular\SLD8_T_0.372_270.npy","1652096"
"outputs\tabular\SLD8_T_0.400_000.npy","1666072"
"outputs\tabular\SLD8_T_0.400_090.npy","1632584"
"outputs\tabular\SLD8_T_0.400_180.npy","1666072"
"outputs\tabular\SLD8_T_0.400_270.npy","1632584"
"outputs\tabular\SLD9_dt.tiff","3736640"
"outputs\tabular\SLD9_T_0.150_000.npy","3588908"
"outputs\tabular\SLD9_T_0.150_090.npy","3547472"
"outputs\tabular\SLD9_T_0.150_180.npy","3588908"
"outputs\tabular\SLD9_T_0.150_270.npy","3547472"
"outputs\tabular\SLD9_T_0.178_000.npy","3558144"
"outputs\tabular\SLD9_T_0.178_090.npy","3507500"
"outputs\tabular\SLD9_T_0.178_180.npy","3558144"
"outputs\tabular\SLD9_T_0.178_270.npy","3507500"
"outputs\tabular\SLD9_T_0.206_000.npy","3529616"
"outputs\tabular\SLD9_T_0.206_090.npy","3474368"
"outputs\tabular\SLD9_T_0.206_180.npy","3529616"
"outputs\tabular\SLD9_T_0.206_270.npy","3474368"
"outputs\tabular\SLD9_T_0.233_000.npy","3499080"
"outputs\tabular\SLD9_T_0.233_090.npy","3434624"
"outputs\tabular\SLD9_T_0.233_180.npy","3499080"
"outputs\tabular\SLD9_T_0.233_270.npy","3434624"
"outputs\tabular\SLD9_T_0.261_000.npy","3470756"
"outputs\tabular\SLD9_T_0.261_090.npy","3401696"
"outputs\tabular\SLD9_T_0.261_180.npy","3470756"
"outputs\tabular\SLD9_T_0.261_270.npy","3401696"
"outputs\tabular\SLD9_T_0.289_000.npy","3440448"
"outputs\tabular\SLD9_T_0.289_090.npy","3362180"
"outputs\tabular\SLD9_T_0.289_180.npy","3440448"
"outputs\tabular\SLD9_T_0.289_270.npy","3362180"
"outputs\tabular\SLD9_T_0.317_000.npy","3412328"
"outputs\tabular\SLD9_T_0.317_090.npy","3329456"
"outputs\tabular\SLD9_T_0.317_180.npy","3412328"
"outputs\tabular\SLD9_T_0.317_270.npy","3329456"
"outputs\tabular\SLD9_T_0.344_000.npy","3390888"
"outputs\tabular\SLD9_T_0.344_090.npy","3298808"
"outputs\tabular\SLD9_T_0.344_180.npy","3390888"
"outputs\tabular\SLD9_T_0.344_270.npy","3298808"
"outputs\tabular\SLD9_T_0.372_000.npy","3360896"
"outputs\tabular\SLD9_T_0.372_090.npy","3259608"
"outputs\tabular\SLD9_T_0.372_180.npy","3360896"
"outputs\tabular\SLD9_T_0.372_270.npy","3259608"
"outputs\tabular\SLD9_T_0.400_000.npy","3333060"
"outputs\tabular\SLD9_T_0.400_090.npy","3227168"
"outputs\tabular\SLD9_T_0.400_180.npy","3333060"
"outputs\tabular\SLD9_T_0.400_270.npy","3227168"
"outputs\tabular\stage2_final_resolution.md","4298"
"outputs\tabular\stage2_readiness.md","1518"
"outputs\tabular\stage2_revalidation_verdict.md","840"
"outputs\tabular\template_bank_statistics.md","859"
"outputs\tabular\template_bank_validation.md","4466"
"outputs\tabular\template_generation_strategy_comparison.md","4152"
"outputs\tabular\topology_preservation_analysis.md","1998"
"outputs\tabular\exports\generation_metadata.json","89252"
"outputs\tabular\exports\ranked_by_combined.csv","52259548"
"outputs\tabular\exports\ranked_by_combined_score.csv","6355995"
"outputs\tabular\exports\ranked_by_coverage_area.csv","52259548"
"outputs\tabular\exports\ranked_by_coverage_scale.csv","52259548"
"outputs\tabular\exports\ranked_by_verification.csv","6355995"
"outputs\tabular\exports\ranked_candidates.csv","15659247"
"outputs\tabular\exports\raw_candidates.csv","15659247"
"outputs\tabular\exports\rescored_candidates.csv","52259548"
"outputs\tabular\exports\template_bank_manifest.csv","5040"
"outputs\tabular\exports\template_generation_metrics_db.json","24342"
"outputs\tabular\exports\verified_candidates.csv","6355995"
"outputs\tabular\metrics\BASE.csv","6629659"
"outputs\tabular\metrics\EXP_A.csv","6499326"
"outputs\tabular\metrics\EXP_A1.csv","6809219"
"outputs\tabular\metrics\EXP_A2.csv","6808979"
"outputs\tabular\metrics\EXP_A3.csv","6809005"
"outputs\tabular\metrics\EXP_B.csv","6619527"
"outputs\tabular\metrics\EXP_C.csv","6638058"
"outputs\tabular\metrics\EXP_C1.csv","7431102"
"outputs\tabular\metrics\EXP_C2.csv","7459084"
"outputs\tabular\metrics\EXP_C3.csv","7461884"
"outputs\tabular\metrics\EXP_C4.csv","7461975"
"outputs\tabular\metrics\EXP_D.csv","6629826"
"outputs\tabular\metrics\EXP_E.csv","7451473"
"outputs\tabular\metrics\EXP_F.csv","6956495"
"outputs\tabular\metrics\failure_mode_classification.csv","6727"
"outputs\tabular\metrics\false_positive_review_sheet.csv","5081"
"outputs\tabular\metrics\ground_truth_symbols.json","114344"
"outputs\tabular\metrics\per_sld_benchmark.csv","19480"
"outputs\tabular\metrics\score_distribution_stats.json","607"
"outputs\tabular\metrics\stage51_failure_mode_review.csv","1077"
"outputs\tabular\metrics\stage51_top10_summary.csv","8814"
"outputs\tabular\metrics\stage59a_template_stroke_baseline.csv","1465"
"outputs\tabular\metrics\template_feature_baseline.csv","5472"
"outputs\tabular\metrics\template_generation_metrics_db.json","24342"
"outputs\tabular\metrics\top100_competitor_sheet.csv","5081"
"outputs\tabular\metrics\top_100_classifications.csv","6741"
"outputs\tabular\metrics\unified_benchmark_results.csv","3054"
"outputs\tabular\metrics\unified_benchmark_results.json","25685"
"outputs\template\binary.png","528"
"outputs\template\edges.png","854"
"outputs\template\gray.png","1737"
"outputs\template_bank\template_bank_manifest.csv","5040"
"outputs\template_bank\rotations\scale_0.150_rot_000.png","132"
"outputs\template_bank\rotations\scale_0.150_rot_090.png","142"
"outputs\template_bank\rotations\scale_0.150_rot_180.png","131"
"outputs\template_bank\rotations\scale_0.150_rot_270.png","147"
"outputs\template_bank\rotations\scale_0.178_rot_000.png","152"
"outputs\template_bank\rotations\scale_0.178_rot_090.png","166"
"outputs\template_bank\rotations\scale_0.178_rot_180.png","150"
"outputs\template_bank\rotations\scale_0.178_rot_270.png","167"
"outputs\template_bank\rotations\scale_0.206_rot_000.png","167"
"outputs\template_bank\rotations\scale_0.206_rot_090.png","192"
"outputs\template_bank\rotations\scale_0.206_rot_180.png","167"
"outputs\template_bank\rotations\scale_0.206_rot_270.png","194"
"outputs\template_bank\rotations\scale_0.233_rot_000.png","190"
"outputs\template_bank\rotations\scale_0.233_rot_090.png","213"
"outputs\template_bank\rotations\scale_0.233_rot_180.png","192"
"outputs\template_bank\rotations\scale_0.233_rot_270.png","222"
"outputs\template_bank\rotations\scale_0.261_rot_000.png","211"
"outputs\template_bank\rotations\scale_0.261_rot_090.png","239"
"outputs\template_bank\rotations\scale_0.261_rot_180.png","202"
"outputs\template_bank\rotations\scale_0.261_rot_270.png","250"
"outputs\template_bank\rotations\scale_0.289_rot_000.png","237"
"outputs\template_bank\rotations\scale_0.289_rot_090.png","265"
"outputs\template_bank\rotations\scale_0.289_rot_180.png","233"
"outputs\template_bank\rotations\scale_0.289_rot_270.png","273"
"outputs\template_bank\rotations\scale_0.317_rot_000.png","250"
"outputs\template_bank\rotations\scale_0.317_rot_090.png","303"
"outputs\template_bank\rotations\scale_0.317_rot_180.png","240"
"outputs\template_bank\rotations\scale_0.317_rot_270.png","306"
"outputs\template_bank\rotations\scale_0.344_rot_000.png","260"
"outputs\template_bank\rotations\scale_0.344_rot_090.png","322"
"outputs\template_bank\rotations\scale_0.344_rot_180.png","254"
"outputs\template_bank\rotations\scale_0.344_rot_270.png","332"
"outputs\template_bank\rotations\scale_0.372_rot_000.png","276"
"outputs\template_bank\rotations\scale_0.372_rot_090.png","352"
"outputs\template_bank\rotations\scale_0.372_rot_180.png","281"
"outputs\template_bank\rotations\scale_0.372_rot_270.png","360"
"outputs\template_bank\rotations\scale_0.400_rot_000.png","302"
"outputs\template_bank\rotations\scale_0.400_rot_090.png","377"
"outputs\template_bank\rotations\scale_0.400_rot_180.png","296"
"outputs\template_bank\rotations\scale_0.400_rot_270.png","391"
"outputs\template_bank\scales\scale_0.150.png","132"
"outputs\template_bank\scales\scale_0.178.png","152"
"outputs\template_bank\scales\scale_0.206.png","167"
"outputs\template_bank\scales\scale_0.233.png","190"
"outputs\template_bank\scales\scale_0.261.png","211"
"outputs\template_bank\scales\scale_0.289.png","237"
"outputs\template_bank\scales\scale_0.317.png","250"
"outputs\template_bank\scales\scale_0.344.png","260"
"outputs\template_bank\scales\scale_0.372.png","276"
"outputs\template_bank\scales\scale_0.400.png","302"
"outputs\visual\diagnostics\binary.png","528"
"outputs\visual\diagnostics\conductor_01.png","3527"
"outputs\visual\diagnostics\conductor_02.png","3674"
"outputs\visual\diagnostics\conductor_03.png","3965"
"outputs\visual\diagnostics\conductor_04.png","3625"
"outputs\visual\diagnostics\conductor_05.png","3641"
"outputs\visual\diagnostics\conductor_06.png","5108"
"outputs\visual\diagnostics\conductor_07.png","4086"
"outputs\visual\diagnostics\conductor_08.png","3291"
"outputs\visual\diagnostics\conductor_09.png","3378"
"outputs\visual\diagnostics\conductor_10.png","3686"
"outputs\visual\diagnostics\conductor_11.png","3725"
"outputs\visual\diagnostics\conductor_12.png","4890"
"outputs\visual\diagnostics\conductor_13.png","4190"
"outputs\visual\diagnostics\conductor_14.png","4005"
"outputs\visual\diagnostics\conductor_15.png","4574"
"outputs\visual\diagnostics\conductor_16.png","3340"
"outputs\visual\diagnostics\conductor_17.png","5113"
"outputs\visual\diagnostics\conductor_18.png","4549"
"outputs\visual\diagnostics\conductor_19.png","4214"
"outputs\visual\diagnostics\conductor_20.png","4314"
"outputs\visual\diagnostics\coverage_distributions.png","160459"
"outputs\visual\diagnostics\coverage_vs_chamfer.png","116819"
"outputs\visual\diagnostics\edges.png","854"
"outputs\visual\diagnostics\forensic_scale_0.150.png","70547"
"outputs\visual\diagnostics\forensic_scale_0.178.png","66883"
"outputs\visual\diagnostics\forensic_scale_0.206.png","71714"
"outputs\visual\diagnostics\forensic_scale_0.233.png","72733"
"outputs\visual\diagnostics\forensic_scale_0.261.png","70820"
"outputs\visual\diagnostics\forensic_scale_0.289.png","71194"
"outputs\visual\diagnostics\forensic_scale_0.317.png","73739"
"outputs\visual\diagnostics\forensic_scale_0.344.png","74293"
"outputs\visual\diagnostics\forensic_scale_0.372.png","78584"
"outputs\visual\diagnostics\forensic_scale_0.400.png","73952"
"outputs\visual\diagnostics\gray.png","1737"
"outputs\visual\diagnostics\idx_000_SLD7_441_85_s0.178_r0_score_0.487.png","434"
"outputs\visual\diagnostics\idx_001_SLD11_634_79_s0.15_r90_score_0.488.png","666"
"outputs\visual\diagnostics\idx_002_SLD8_421_138_s0.206_r180_score_0.499.png","822"
"outputs\visual\diagnostics\idx_003_SLD2_335_427_s0.15_r0_score_0.500.png","512"
"outputs\visual\diagnostics\idx_004_SLD8_430_142_s0.15_r180_score_0.504.png","702"
"outputs\visual\diagnostics\idx_005_SLD7_543_227_s0.15_r90_score_0.505.png","808"
"outputs\visual\diagnostics\idx_006_SLD2_108_58_s0.15_r90_score_0.510.png","900"
"outputs\visual\diagnostics\idx_007_SLD7_1061_502_s0.178_r0_score_0.511.png","542"
"outputs\visual\diagnostics\idx_008_SLD7_442_502_s0.178_r0_score_0.513.png","461"
"outputs\visual\diagnostics\idx_009_SLD10_279_119_s0.178_r0_score_0.513.png","460"
"outputs\visual\diagnostics\idx_010_SLD2_542_58_s0.15_r90_score_0.514.png","941"
"outputs\visual\diagnostics\idx_011_SLD2_542_405_s0.15_r90_score_0.516.png","948"
"outputs\visual\diagnostics\idx_012_SLD7_543_244_s0.15_r90_score_0.519.png","811"
"outputs\visual\diagnostics\idx_013_SLD9_867_146_s0.15_r90_score_0.519.png","734"
"outputs\visual\diagnostics\idx_014_SLD7_315_94_s0.15_r180_score_0.519.png","649"
"outputs\visual\diagnostics\idx_015_SLD1_1021_42_s0.15_r0_score_0.522.png","581"
"outputs\visual\diagnostics\idx_016_SLD2_790_427_s0.15_r0_score_0.523.png","440"
"outputs\visual\diagnostics\idx_017_SLD11_488_79_s0.15_r90_score_0.525.png","659"
"outputs\visual\diagnostics\idx_018_SLD7_556_510_s0.15_r90_score_0.527.png","735"
"outputs\visual\diagnostics\idx_019_SLD7_442_504_s0.15_r0_score_0.529.png","429"
"outputs\visual\diagnostics\idx_020_SLD10_279_648_s0.178_r0_score_0.530.png","458"
"outputs\visual\diagnostics\idx_021_SLD7_1598_88_s0.15_r0_score_0.531.png","519"
"outputs\visual\diagnostics\idx_022_SLD11_531_248_s0.15_r90_score_0.532.png","695"
"outputs\visual\diagnostics\idx_023_SLD3_621_170_s0.261_r0_score_0.533.png","550"
"outputs\visual\diagnostics\idx_024_SLD7_1597_85_s0.178_r0_score_0.534.png","552"
"outputs\visual\diagnostics\idx_025_SLD7_360_352_s0.178_r0_score_0.534.png","1010"
"outputs\visual\diagnostics\idx_026_SLD7_1470_502_s0.15_r270_score_0.535.png","678"
"outputs\visual\diagnostics\idx_027_SLD11_101_81_s0.15_r90_score_0.536.png","650"
"outputs\visual\diagnostics\idx_028_SLD4_383_140_s0.15_r90_score_0.538.png","625"
"outputs\visual\diagnostics\idx_029_SLD7_442_88_s0.15_r0_score_0.539.png","425"
"outputs\visual\diagnostics\idx_030_SLD8_425_127_s0.206_r0_score_0.540.png","824"
"outputs\visual\diagnostics\idx_031_SLD7_151_61_s0.15_r90_score_0.541.png","840"
"outputs\visual\diagnostics\idx_032_SLD9_640_146_s0.15_r90_score_0.541.png","731"
"outputs\visual\diagnostics\idx_033_SLD2_680_432_s0.15_r180_score_0.542.png","640"
"outputs\visual\diagnostics\idx_034_SLD7_935_95_s0.15_r180_score_0.542.png","633"
"outputs\visual\diagnostics\idx_035_SLD7_933_511_s0.15_r180_score_0.542.png","632"
"outputs\visual\diagnostics\idx_036_SLD8_24_314_s0.15_r90_score_0.543.png","829"
"outputs\visual\diagnostics\idx_037_SLD3_435_180_s0.15_r90_score_0.543.png","592"
"outputs\visual\diagnostics\idx_038_SLD4_428_129_s0.261_r0_score_0.544.png","588"
"outputs\visual\diagnostics\idx_039_SLD1_591_26_s0.15_r0_score_0.545.png","646"
"outputs\visual\diagnostics\idx_040_SLD3_1333_180_s0.15_r90_score_0.547.png","610"
"outputs\visual\diagnostics\idx_041_SLD4_569_128_s0.261_r0_score_0.549.png","664"
"outputs\visual\diagnostics\idx_042_SLD7_1636_62_s0.15_r90_score_0.549.png","822"
"outputs\visual\diagnostics\idx_043_SLD7_481_63_s0.15_r90_score_0.549.png","838"
"outputs\visual\diagnostics\idx_044_SLD7_1597_502_s0.178_r0_score_0.551.png","463"
"outputs\visual\diagnostics\idx_045_SLD2_235_424_s0.15_r90_score_0.552.png","671"
"outputs\visual\diagnostics\idx_046_SLD7_6_340_s0.15_r90_score_0.552.png","692"
"outputs\visual\diagnostics\idx_047_SLD7_1470_86_s0.15_r270_score_0.552.png","651"
"outputs\visual\diagnostics\idx_048_SLD7_1062_505_s0.15_r0_score_0.553.png","510"
"outputs\visual\diagnostics\idx_049_SLD7_400_502_s0.178_r0_score_0.553.png","432"
"outputs\visual\diagnostics\idx_050_SLD4_103_48_s0.15_r90_score_0.554.png","676"
"outputs\visual\diagnostics\idx_051_SLD7_619_427_s0.15_r0_score_0.555.png","555"
"outputs\visual\diagnostics\idx_052_SLD10_1169_114_s0.206_r0_score_0.556.png","596"
"outputs\visual\diagnostics\idx_053_SLD7_1307_62_s0.15_r90_score_0.556.png","882"
"outputs\visual\diagnostics\idx_054_SLD7_491_478_s0.15_r90_score_0.556.png","824"
"outputs\visual\diagnostics\idx_055_SLD7_1307_478_s0.15_r90_score_0.556.png","864"
"outputs\visual\diagnostics\idx_056_SLD7_1636_478_s0.15_r90_score_0.556.png","818"
"outputs\visual\diagnostics\idx_057_SLD10_329_655_s0.178_r180_score_0.557.png","787"
"outputs\visual\diagnostics\idx_058_SLD7_1597_504_s0.15_r0_score_0.557.png","434"
"outputs\visual\diagnostics\idx_059_SLD7_1555_502_s0.178_r0_score_0.558.png","413"
"outputs\visual\diagnostics\idx_060_SLD10_329_126_s0.178_r180_score_0.558.png","771"
"outputs\visual\diagnostics\idx_061_SLD10_956_643_s0.206_r0_score_0.559.png","564"
"outputs\visual\diagnostics\idx_062_SLD1_496_24_s0.15_r0_score_0.559.png","608"
"outputs\visual\diagnostics\idx_063_SLD1_888_42_s0.15_r0_score_0.559.png","589"
"outputs\visual\diagnostics\idx_064_SLD3_1315_177_s0.15_r0_score_0.559.png","774"
"outputs\visual\diagnostics\idx_065_SLD10_1365_460_s0.15_r270_score_0.559.png","681"
"outputs\visual\diagnostics\idx_066_SLD10_489_116_s0.206_r0_score_0.560.png","483"
"outputs\visual\diagnostics\idx_067_SLD7_359_354_s0.15_r0_score_0.561.png","915"
"outputs\visual\diagnostics\idx_068_SLD10_1172_119_s0.178_r0_score_0.562.png","554"
"outputs\visual\diagnostics\idx_069_SLD7_1062_88_s0.15_r0_score_0.565.png","423"
"outputs\visual\diagnostics\idx_070_SLD8_723_325_s0.15_r90_score_0.565.png","919"
"outputs\visual\diagnostics\idx_071_SLD8_723_327_s0.15_r90_score_0.565.png","928"
"outputs\visual\diagnostics\idx_072_SLD10_959_645_s0.178_r0_score_0.565.png","547"
"outputs\visual\diagnostics\idx_073_SLD10_959_119_s0.178_r0_score_0.565.png","458"
"outputs\visual\diagnostics\idx_074_SLD7_543_239_s0.178_r270_score_0.566.png","907"
"outputs\visual\diagnostics\idx_075_SLD3_1660_213_s0.15_r0_score_0.567.png","649"
"outputs\visual\diagnostics\idx_076_SLD10_1169_643_s0.206_r0_score_0.567.png","482"
"outputs\visual\diagnostics\idx_077_SLD10_1009_123_s0.178_r180_score_0.568.png","762"
"outputs\visual\diagnostics\idx_078_SLD3_1310_175_s0.178_r0_score_0.569.png","810"
"outputs\visual\diagnostics\idx_079_SLD7_315_509_s0.15_r180_score_0.569.png","623"
"outputs\visual\diagnostics\idx_080_SLD10_1027_649_s0.15_r90_score_0.569.png","595"
"outputs\visual\diagnostics\idx_081_SLD10_169_119_s0.178_r0_score_0.570.png","559"
"outputs\visual\diagnostics\idx_082_SLD7_1019_502_s0.178_r0_score_0.570.png","415"
"outputs\visual\diagnostics\idx_083_SLD2_235_70_s0.15_r90_score_0.571.png","661"
"outputs\visual\diagnostics\idx_084_SLD7_358_502_s0.178_r0_score_0.572.png","411"
"outputs\visual\diagnostics\idx_085_SLD11_247_82_s0.15_r270_score_0.572.png","647"
"outputs\visual\diagnostics\idx_086_SLD3_155_96_s0.15_r90_score_0.574.png","679"
"outputs\visual\diagnostics\idx_087_SLD3_1333_168_s0.15_r90_score_0.574.png","578"
"outputs\visual\diagnostics\idx_088_SLD11_568_462_s0.15_r0_score_0.574.png","584"
"outputs\visual\diagnostics\idx_089_SLD7_1471_504_s0.15_r180_score_0.575.png","609"
"outputs\visual\diagnostics\idx_090_SLD10_1009_650_s0.178_r180_score_0.576.png","708"
"outputs\visual\diagnostics\idx_091_SLD7_977_502_s0.178_r0_score_0.576.png","409"
"outputs\visual\diagnostics\idx_092_SLD10_1027_121_s0.15_r90_score_0.576.png","627"
"outputs\visual\diagnostics\idx_093_SLD7_351_351_s0.206_r180_score_0.577.png","1029"
"outputs\visual\diagnostics\idx_094_SLD10_490_645_s0.206_r0_score_0.577.png","577"
"outputs\visual\diagnostics\idx_095_SLD7_1019_85_s0.178_r0_score_0.577.png","427"
"outputs\visual\diagnostics\idx_096_SLD10_1012_113_s0.178_r0_score_0.577.png","757"
"outputs\visual\diagnostics\idx_097_SLD10_169_648_s0.178_r0_score_0.577.png","481"
"outputs\visual\diagnostics\idx_098_SLD11_254_79_s0.15_r90_score_0.578.png","658"
"outputs\visual\diagnostics\idx_099_SLD7_157_478_s0.15_r90_score_0.578.png","848"
"outputs\visual\diagnostics\MR_Symbol_blur_comp.png","31304"
"outputs\visual\diagnostics\MR_Symbol_edge_comp.png","47358"
"outputs\visual\diagnostics\MR_Symbol_hist.png","21278"
"outputs\visual\diagnostics\MR_Symbol_thresh_comp.png","34479"
"outputs\visual\diagnostics\MR_Symbol_validation_grid.png","52064"
"outputs\visual\diagnostics\R10_.png","1866"
"outputs\visual\diagnostics\R1_-Tomatus.png","2382"
"outputs\visual\diagnostics\R1_.png","5765"
"outputs\visual\diagnostics\R2_-Tomatus.png","2693"
"outputs\visual\diagnostics\R2_.png","4403"
"outputs\visual\diagnostics\R3_-Tomatus.png","3034"
"outputs\visual\diagnostics\R3_.png","4196"
"outputs\visual\diagnostics\R4_.png","4221"
"outputs\visual\diagnostics\R5_-Tomatus.png","2092"
"outputs\visual\diagnostics\R5_.png","5121"
"outputs\visual\diagnostics\R6_-Tomatus.png","2142"
"outputs\visual\diagnostics\R6_.png","3380"
"outputs\visual\diagnostics\R7_.png","3683"
"outputs\visual\diagnostics\R8_-Tomatus.png","2212"
"outputs\visual\diagnostics\R8_.png","2298"
"outputs\visual\diagnostics\R9_-Tomatus.png","2363"
"outputs\visual\diagnostics\R9_.png","1820"
"outputs\visual\diagnostics\scale_0.093-Tomatus.png","67449"
"outputs\visual\diagnostics\scale_0.093.png","66460"
"outputs\visual\diagnostics\scale_0.100.png","64501"
"outputs\visual\diagnostics\scale_0.150-Tomatus.png","78501"
"outputs\visual\diagnostics\scale_0.150.png","65463"
"outputs\visual\diagnostics\scale_0.150_rot_000.png","132"
"outputs\visual\diagnostics\scale_0.150_rot_000_panel.png","22787"
"outputs\visual\diagnostics\scale_0.150_rot_090.png","142"
"outputs\visual\diagnostics\scale_0.150_rot_090_panel.png","22590"
"outputs\visual\diagnostics\scale_0.150_rot_180.png","131"
"outputs\visual\diagnostics\scale_0.150_rot_180_panel.png","23047"
"outputs\visual\diagnostics\scale_0.150_rot_270.png","147"
"outputs\visual\diagnostics\scale_0.150_rot_270_panel.png","22662"
"outputs\visual\diagnostics\scale_0.178.png","152"
"outputs\visual\diagnostics\scale_0.178_rot_000.png","152"
"outputs\visual\diagnostics\scale_0.178_rot_090.png","166"
"outputs\visual\diagnostics\scale_0.178_rot_180.png","150"
"outputs\visual\diagnostics\scale_0.178_rot_270.png","167"
"outputs\visual\diagnostics\scale_0.200.png","84404"
"outputs\visual\diagnostics\scale_0.206.png","167"
"outputs\visual\diagnostics\scale_0.206_rot_000.png","167"
"outputs\visual\diagnostics\scale_0.206_rot_090.png","192"
"outputs\visual\diagnostics\scale_0.206_rot_180.png","167"
"outputs\visual\diagnostics\scale_0.206_rot_270.png","194"
"outputs\visual\diagnostics\scale_0.233.png","190"
"outputs\visual\diagnostics\scale_0.233_rot_000.png","190"
"outputs\visual\diagnostics\scale_0.233_rot_090.png","213"
"outputs\visual\diagnostics\scale_0.233_rot_180.png","192"
"outputs\visual\diagnostics\scale_0.233_rot_270.png","222"
"outputs\visual\diagnostics\scale_0.250.png","72728"
"outputs\visual\diagnostics\scale_0.261.png","211"
"outputs\visual\diagnostics\scale_0.261_rot_000.png","211"
"outputs\visual\diagnostics\scale_0.261_rot_090.png","239"
"outputs\visual\diagnostics\scale_0.261_rot_180.png","202"
"outputs\visual\diagnostics\scale_0.261_rot_270.png","250"
"outputs\visual\diagnostics\scale_0.289.png","237"
"outputs\visual\diagnostics\scale_0.289_rot_000.png","237"
"outputs\visual\diagnostics\scale_0.289_rot_000_panel.png","23446"
"outputs\visual\diagnostics\scale_0.289_rot_090.png","265"
"outputs\visual\diagnostics\scale_0.289_rot_090_panel.png","23724"
"outputs\visual\diagnostics\scale_0.289_rot_180.png","233"
"outputs\visual\diagnostics\scale_0.289_rot_180_panel.png","23858"
"outputs\visual\diagnostics\scale_0.289_rot_270.png","273"
"outputs\visual\diagnostics\scale_0.289_rot_270_panel.png","23729"
"outputs\visual\diagnostics\scale_0.300.png","78996"
"outputs\visual\diagnostics\scale_0.317.png","250"
"outputs\visual\diagnostics\scale_0.317_rot_000.png","250"
"outputs\visual\diagnostics\scale_0.317_rot_090.png","303"
"outputs\visual\diagnostics\scale_0.317_rot_180.png","240"
"outputs\visual\diagnostics\scale_0.317_rot_270.png","306"
"outputs\visual\diagnostics\scale_0.344.png","260"
"outputs\visual\diagnostics\scale_0.344_rot_000.png","260"
"outputs\visual\diagnostics\scale_0.344_rot_090.png","322"
"outputs\visual\diagnostics\scale_0.344_rot_180.png","254"
"outputs\visual\diagnostics\scale_0.344_rot_270.png","332"
"outputs\visual\diagnostics\scale_0.350.png","76335"
"outputs\visual\diagnostics\scale_0.372.png","276"
"outputs\visual\diagnostics\scale_0.372_rot_000.png","276"
"outputs\visual\diagnostics\scale_0.372_rot_090.png","352"
"outputs\visual\diagnostics\scale_0.372_rot_180.png","281"
"outputs\visual\diagnostics\scale_0.372_rot_270.png","360"
"outputs\visual\diagnostics\scale_0.400.png","80664"
"outputs\visual\diagnostics\scale_0.400_rot_000.png","302"
"outputs\visual\diagnostics\scale_0.400_rot_000_panel.png","23482"
"outputs\visual\diagnostics\scale_0.400_rot_090.png","377"
"outputs\visual\diagnostics\scale_0.400_rot_090_panel.png","23713"
"outputs\visual\diagnostics\scale_0.400_rot_180.png","296"
"outputs\visual\diagnostics\scale_0.400_rot_180_panel.png","23931"
"outputs\visual\diagnostics\scale_0.400_rot_270.png","391"
"outputs\visual\diagnostics\scale_0.400_rot_270_panel.png","24002"
"outputs\visual\diagnostics\scale_bias_chamfer_vs_scale.png","34595"
"outputs\visual\diagnostics\scale_bias_coverage_vs_scale.png","39999"
"outputs\visual\diagnostics\scale_bias_edge_count_vs_scale.png","25539"
"outputs\visual\diagnostics\scale_bias_rank_vs_scale.png","43892"
"outputs\visual\diagnostics\scale_distribution_histograms.png","38960"
"outputs\visual\diagnostics\scatter_scale_vs_rank.png","43818"
"outputs\visual\diagnostics\score_distribution_comparison.png","60339"
"outputs\visual\diagnostics\SLD10_510.png","200860"
"outputs\visual\diagnostics\SLD10_59A.png","200523"
"outputs\visual\diagnostics\SLD10_BASE.png","200523"
"outputs\visual\diagnostics\SLD10_empirical_match.png","405"
"outputs\visual\diagnostics\SLD10_GT.png","229671"
"outputs\visual\diagnostics\SLD10_symbol_01.png","625"
"outputs\visual\diagnostics\SLD11_510.png","92501"
"outputs\visual\diagnostics\SLD11_59A.png","91087"
"outputs\visual\diagnostics\SLD11_BASE.png","91087"
"outputs\visual\diagnostics\SLD11_best_exp_top50.png","29864"
"outputs\visual\diagnostics\SLD11_blur_comp.png","66360"
"outputs\visual\diagnostics\SLD11_edge_comp.png","93250"
"outputs\visual\diagnostics\SLD11_empirical_match.png","947"
"outputs\visual\diagnostics\SLD11_GT.png","112579"
"outputs\visual\diagnostics\SLD11_hist.png","18886"
"outputs\visual\diagnostics\SLD11_response_field.png","486852"
"outputs\visual\diagnostics\SLD11_symbol_01.png","2466"
"outputs\visual\diagnostics\SLD11_thresh_comp.png","84253"
"outputs\visual\diagnostics\SLD11_top10_area.png","28068"
"outputs\visual\diagnostics\SLD11_top10_combined.png","31104"
"outputs\visual\diagnostics\SLD11_top10_original.png","27253"
"outputs\visual\diagnostics\SLD11_top10_scale.png","27411"
"outputs\visual\diagnostics\SLD11_top25_area.png","30299"
"outputs\visual\diagnostics\SLD11_top25_combined.png","37361"
"outputs\visual\diagnostics\SLD11_top25_original.png","27144"
"outputs\visual\diagnostics\SLD11_top25_scale.png","29109"
"outputs\visual\diagnostics\SLD11_top50_area.png","32035"
"outputs\visual\diagnostics\SLD11_top50_combined.png","43737"
"outputs\visual\diagnostics\SLD11_top50_original.png","27375"
"outputs\visual\diagnostics\SLD11_top50_scale.png","29746"
"outputs\visual\diagnostics\SLD11_top_10_overlay.png","93301"
"outputs\visual\diagnostics\SLD11_top_25_overlay.png","97843"
"outputs\visual\diagnostics\SLD11_top_50_overlay.png","103502"
"outputs\visual\diagnostics\SLD11_validation_grid.png","128447"
"outputs\visual\diagnostics\SLD11_worst_25_overlay.png","101617"
"outputs\visual\diagnostics\SLD12_510.png","18331"
"outputs\visual\diagnostics\SLD12_59A.png","18278"
"outputs\visual\diagnostics\SLD12_BASE.png","18278"
"outputs\visual\diagnostics\SLD12_empirical_match.png","577"
"outputs\visual\diagnostics\SLD12_GT.png","19621"
"outputs\visual\diagnostics\SLD12_symbol_01.png","1843"
"outputs\visual\diagnostics\SLD1_510.png","71645"
"outputs\visual\diagnostics\SLD1_59A.png","71153"
"outputs\visual\diagnostics\SLD1_BASE.png","71153"
"outputs\visual\diagnostics\SLD1_best_exp_top50.png","27876"
"outputs\visual\diagnostics\SLD1_blur_comp.png","27299"
"outputs\visual\diagnostics\SLD1_empirical_match.png","483"
"outputs\visual\diagnostics\SLD1_GT.png","76935"
"outputs\visual\diagnostics\SLD1_hist.png","18668"
"outputs\visual\diagnostics\SLD1_response_field.png","207027"
"outputs\visual\diagnostics\SLD1_symbol_01.png","1412"
"outputs\visual\diagnostics\SLD1_thresh_comp.png","40950"
"outputs\visual\diagnostics\SLD1_top10_area.png","22722"
"outputs\visual\diagnostics\SLD1_top10_combined.png","26036"
"outputs\visual\diagnostics\SLD1_top10_original.png","21381"
"outputs\visual\diagnostics\SLD1_top10_scale.png","22707"
"outputs\visual\diagnostics\SLD1_top25_area.png","24202"
"outputs\visual\diagnostics\SLD1_top25_combined.png","31456"
"outputs\visual\diagnostics\SLD1_top25_original.png","21180"
"outputs\visual\diagnostics\SLD1_top25_scale.png","23601"
"outputs\visual\diagnostics\SLD1_top50_area.png","24362"
"outputs\visual\diagnostics\SLD1_top50_combined.png","34897"
"outputs\visual\diagnostics\SLD1_top50_original.png","20840"
"outputs\visual\diagnostics\SLD1_top50_scale.png","23994"
"outputs\visual\diagnostics\SLD1_top_10_overlay.png","74577"
"outputs\visual\diagnostics\SLD1_top_25_overlay.png","80062"
"outputs\visual\diagnostics\SLD1_top_50_overlay.png","81919"
"outputs\visual\diagnostics\SLD1_validation_grid.png","60603"
"outputs\visual\diagnostics\SLD1_worst_25_overlay.png","68574"
"outputs\visual\diagnostics\SLD2_510.png","129450"
"outputs\visual\diagnostics\SLD2_59A.png","129010"
"outputs\visual\diagnostics\SLD2_BASE.png","129010"
"outputs\visual\diagnostics\SLD2_empirical_match.png","720"
"outputs\visual\diagnostics\SLD2_GT.png","142215"
"outputs\visual\diagnostics\SLD2_symbol_01.png","1662"
"outputs\visual\diagnostics\SLD3_510.png","129148"
"outputs\visual\diagnostics\SLD3_59A.png","128928"
"outputs\visual\diagnostics\SLD3_BASE.png","128928"
"outputs\visual\diagnostics\SLD3_empirical_match.png","379"
"outputs\visual\diagnostics\SLD3_GT.png","142949"
"outputs\visual\diagnostics\SLD3_symbol_01.png","586"
"outputs\visual\diagnostics\SLD4_510.png","53436"
"outputs\visual\diagnostics\SLD4_59A.png","55463"
"outputs\visual\diagnostics\SLD4_BASE.png","55463"
"outputs\visual\diagnostics\SLD4_best_exp_top50.png","21681"
"outputs\visual\diagnostics\SLD4_blur_comp.png","39226"
"outputs\visual\diagnostics\SLD4_edge_comp.png","61684"
"outputs\visual\diagnostics\SLD4_empirical_match.png","666"
"outputs\visual\diagnostics\SLD4_GT.png","55444"
"outputs\visual\diagnostics\SLD4_hist.png","21599"
"outputs\visual\diagnostics\SLD4_response_field.png","278974"
"outputs\visual\diagnostics\SLD4_symbol_01.png","2913"
"outputs\visual\diagnostics\SLD4_thresh_comp.png","56533"
"outputs\visual\diagnostics\SLD4_top10_area.png","16076"
"outputs\visual\diagnostics\SLD4_top10_combined.png","19486"
"outputs\visual\diagnostics\SLD4_top10_original.png","13659"
"outputs\visual\diagnostics\SLD4_top10_scale.png","15644"
"outputs\visual\diagnostics\SLD4_top25_area.png","17633"
"outputs\visual\diagnostics\SLD4_top25_combined.png","23831"
"outputs\visual\diagnostics\SLD4_top25_original.png","13648"
"outputs\visual\diagnostics\SLD4_top25_scale.png","17174"
"outputs\visual\diagnostics\SLD4_top50_area.png","19110"
"outputs\visual\diagnostics\SLD4_top50_combined.png","29366"
"outputs\visual\diagnostics\SLD4_top50_original.png","13486"
"outputs\visual\diagnostics\SLD4_top50_scale.png","18137"
"outputs\visual\diagnostics\SLD4_top_10_overlay.png","55075"
"outputs\visual\diagnostics\SLD4_top_25_overlay.png","58050"
"outputs\visual\diagnostics\SLD4_top_50_overlay.png","58966"
"outputs\visual\diagnostics\SLD4_validation_grid.png","91342"
"outputs\visual\diagnostics\SLD4_worst_25_overlay.png","56060"
"outputs\visual\diagnostics\SLD7_510.png","254136"
"outputs\visual\diagnostics\SLD7_59A.png","253536"
"outputs\visual\diagnostics\SLD7_BASE.png","253536"
"outputs\visual\diagnostics\SLD7_empirical_match.png","414"
"outputs\visual\diagnostics\SLD7_GT.png","297295"
"outputs\visual\diagnostics\SLD7_symbol_01.png","927"
"outputs\visual\diagnostics\SLD8_510.png","80603"
"outputs\visual\diagnostics\SLD8_59A.png","80989"
"outputs\visual\diagnostics\SLD8_BASE.png","80989"
"outputs\visual\diagnostics\SLD8_empirical_match.png","324"
"outputs\visual\diagnostics\SLD8_GT.png","89474"
"outputs\visual\diagnostics\SLD8_symbol_01.png","870"
"outputs\visual\diagnostics\SLD9_510.png","57436"
"outputs\visual\diagnostics\SLD9_59A.png","58057"
"outputs\visual\diagnostics\SLD9_BASE.png","58057"
"outputs\visual\diagnostics\SLD9_empirical_match.png","361"
"outputs\visual\diagnostics\SLD9_GT.png","61776"
"outputs\visual\diagnostics\SLD9_symbol_01.png","1186"
"outputs\visual\diagnostics\stage51_global_top10_montage.png","1446056"
"outputs\visual\diagnostics\stage59_stroke_distribution_histograms.png","21135"
"outputs\visual\diagnostics\text_region_01.png","4759"
"outputs\visual\diagnostics\text_region_02.png","5312"
"outputs\visual\diagnostics\text_region_03.png","4896"
"outputs\visual\diagnostics\text_region_04.png","5432"
"outputs\visual\diagnostics\text_region_05.png","5186"
"outputs\visual\diagnostics\text_region_06.png","5358"
"outputs\visual\diagnostics\text_region_07.png","5533"
"outputs\visual\diagnostics\text_region_08.png","5443"
"outputs\visual\diagnostics\text_region_09.png","4417"
"outputs\visual\diagnostics\text_region_10.png","4749"
"outputs\visual\diagnostics\text_region_11.png","4579"
"outputs\visual\diagnostics\text_region_12.png","5403"
"outputs\visual\diagnostics\text_region_13.png","4637"
"outputs\visual\diagnostics\text_region_14.png","4727"
"outputs\visual\diagnostics\text_region_15.png","5271"
"outputs\visual\diagnostics\text_region_16.png","4840"
"outputs\visual\diagnostics\text_region_17.png","4256"
"outputs\visual\diagnostics\text_region_18.png","4292"
"outputs\visual\diagnostics\text_region_19.png","4216"
"outputs\visual\diagnostics\text_region_20.png","4872"
"outputs\visual\diagnostics\top100_competitor_montage.png","824986"
"outputs\visual\diagnostics\top_100_grid.png","761280"
"outputs\visual\diagnostics\top_20_conductors.png","105256"
"outputs\visual\diagnostics\top_20_conductor_false_positives.png","103110"
"outputs\visual\diagnostics\top_20_text.png","101196"
"outputs\visual\diagnostics\top_20_text_false_positives.png","117206"
"outputs\visual\diagnostics\top_20_true_positives.png","91189"
"outputs\visual\diagnostics\top_20_true_symbols.png","105379"
"outputs\visual\diagnostics\Top_50_Ranking_Failures_Gallery.png","878913"
"outputs\visual\diagnostics\true_symbol_01.png","4214"
"outputs\visual\diagnostics\true_symbol_02.png","4739"
"outputs\visual\diagnostics\true_symbol_03.png","4273"
"outputs\visual\diagnostics\true_symbol_04.png","4283"
"outputs\visual\diagnostics\true_symbol_05.png","5035"
"outputs\visual\diagnostics\true_symbol_06.png","6086"
"outputs\visual\diagnostics\true_symbol_07.png","6113"
"outputs\visual\diagnostics\true_symbol_08.png","4446"
"outputs\visual\diagnostics\true_symbol_09.png","5180"
"outputs\visual\diagnostics\true_symbol_10.png","6684"
"outputs\visual\diagnostics\true_symbol_11.png","6074"
"outputs\visual\diagnostics\true_symbol_12.png","4365"
"outputs\visual\diagnostics\true_symbol_13.png","4577"
"outputs\visual\diagnostics\true_symbol_14.png","5919"
"outputs\visual\diagnostics\true_symbol_15.png","4785"
"outputs\visual\diagnostics\true_symbol_16.png","4806"
"outputs\visual\diagnostics\true_symbol_17.png","7718"
"outputs\visual\diagnostics\true_symbol_18.png","7431"
"outputs\visual\diagnostics\true_symbol_19.png","4800"
"outputs\visual\diagnostics\true_symbol_20.png","6234"
"outputs\visual\diagnostics\visual_scale_0.150.png","34867"
"outputs\visual\diagnostics\visual_scale_0.289.png","35466"
"outputs\visual\diagnostics\visual_scale_0.400.png","35615"
"outputs\visual\overlays\A_001_overlay.png","3945"
"outputs\visual\overlays\B_001_overlay.png","3891"
"outputs\visual\overlays\C_001_overlay.png","2667"
"outputs\visual\overlays\gallery_best_20.png","239445"
"outputs\visual\overlays\gallery_largest_20.png","180495"
"outputs\visual\overlays\gallery_smallest_20.png","224254"
"outputs\visual\overlays\gallery_worst_20.png","138314"
"outputs\visual\overlays\SLD10_top10_gallery.png","393824"
"outputs\visual\overlays\SLD10_top10_overlay.png","66342"
"outputs\visual\overlays\SLD11_top10_gallery.png","451417"
"outputs\visual\overlays\SLD11_top10_overlay.png","32795"
"outputs\visual\overlays\SLD12_top10_gallery.png","326826"
"outputs\visual\overlays\SLD12_top10_overlay.png","11970"
"outputs\visual\overlays\SLD1_top10_gallery.png","426172"
"outputs\visual\overlays\SLD1_top10_overlay.png","27983"
"outputs\visual\overlays\SLD2_top10_gallery.png","386391"
"outputs\visual\overlays\SLD2_top10_overlay.png","41021"
"outputs\visual\overlays\SLD3_top10_gallery.png","403726"
"outputs\visual\overlays\SLD3_top10_overlay.png","45089"
"outputs\visual\overlays\SLD4_top10_gallery.png","389664"
"outputs\visual\overlays\SLD4_top10_overlay.png","21560"
"outputs\visual\overlays\SLD7_top10_gallery.png","417607"
"outputs\visual\overlays\SLD7_top10_overlay.png","81469"
"outputs\visual\overlays\SLD8_top10_gallery.png","401516"
"outputs\visual\overlays\SLD8_top10_overlay.png","32538"
"outputs\visual\overlays\SLD9_top10_gallery.png","347068"
"outputs\visual\overlays\SLD9_top10_overlay.png","32325"
"outputs\visual\overlays\stage59b_groupD_validation_gallery.png","45751"
"reports\benchmark\executive_summary.md","2443"
"reports\benchmark\failure_breakdown.md","1777"
"reports\benchmark\per_sld_analysis.md","14184"
"reports\benchmark\pipeline_leaderboard.md","2293"
"reports\benchmark\signal_enrichment_analysis.md","1527"
"reports\benchmark\stability_analysis.md","2660"
"reports\benchmark\unified_benchmark_report.md","4276"
"reports\nms\architectural_verdict.md","3680"
"reports\nms\candidate_statistics.md","1114"
"reports\nms\duplicate_audit.md","34767"
"reports\nms\duplicate_characterization.md","1603"
"reports\nms\failure_mode_analysis.md","1712"
"reports\nms\input_validation.md","1321"
"reports\nms\quantitative_results.md","3415"
"reports\ranking_quality\ranking_failure_dataset.md","668"
"reports\ranking_quality\ranking_failure_severity.md","1407"
"reports\ranking_quality\ranking_quality_comparison.md","434"
"reports\ranking_quality\stage56_baseline_ranking_summary.md","857"
"reports\ranking_quality\stage56_ranking_experiment_comparison.md","1583"
"reports\ranking_quality\verification_ranking_analysis.md","765"
"reports\restructure\deletion_candidates.md","240"
"reports\restructure\file_mapping_plan.csv","143223"
"reports\restructure\import_dependency_audit.md","8900"
"reports\restructure\post_migration_validation.md","404"
"reports\restructure\pre_migration_counts.txt","70"
"reports\restructure\pre_refactoring_inventory.csv","0"
"reports\restructure\repository_audit.md","484"
"reports\restructure\scratch_archive_report.md","1262"
"reports\restructure\traceability_preservation_report.md","128034"
"reports\stage510_visual_audit\candidate_galleries\SLD10\R10_.png","2814"
"reports\stage510_visual_audit\candidate_galleries\SLD10\R1_.png","4114"
"reports\stage510_visual_audit\candidate_galleries\SLD10\R2_.png","4502"
"reports\stage510_visual_audit\candidate_galleries\SLD10\R3_.png","2249"
"reports\stage510_visual_audit\candidate_galleries\SLD10\R4_.png","4609"
"reports\stage510_visual_audit\candidate_galleries\SLD10\R5_.png","683"
"reports\stage510_visual_audit\candidate_galleries\SLD10\R6_.png","5273"
"reports\stage510_visual_audit\candidate_galleries\SLD10\R7_.png","2451"
"reports\stage510_visual_audit\candidate_galleries\SLD10\R8_.png","3253"
"reports\stage510_visual_audit\candidate_galleries\SLD10\R9_.png","2858"
"reports\stage510_visual_audit\candidate_galleries\SLD11\R10_.png","3812"
"reports\stage510_visual_audit\candidate_galleries\SLD11\R1_.png","3759"
"reports\stage510_visual_audit\candidate_galleries\SLD11\R2_.png","4796"
"reports\stage510_visual_audit\candidate_galleries\SLD11\R3_.png","3402"
"reports\stage510_visual_audit\candidate_galleries\SLD11\R4_.png","3677"
"reports\stage510_visual_audit\candidate_galleries\SLD11\R5_.png","5298"
"reports\stage510_visual_audit\candidate_galleries\SLD11\R6_.png","2890"
"reports\stage510_visual_audit\candidate_galleries\SLD11\R7_.png","1068"
"reports\stage510_visual_audit\candidate_galleries\SLD11\R8_.png","3446"
"reports\stage510_visual_audit\candidate_galleries\SLD11\R9_.png","1207"
"reports\stage510_visual_audit\candidate_galleries\SLD12\R10_.png","2249"
"reports\stage510_visual_audit\candidate_galleries\SLD12\R1_.png","2369"
"reports\stage510_visual_audit\candidate_galleries\SLD12\R2_.png","2649"
"reports\stage510_visual_audit\candidate_galleries\SLD12\R3_.png","2796"
"reports\stage510_visual_audit\candidate_galleries\SLD12\R4_.png","2146"
"reports\stage510_visual_audit\candidate_galleries\SLD12\R5_.png","2659"
"reports\stage510_visual_audit\candidate_galleries\SLD12\R6_.png","2367"
"reports\stage510_visual_audit\candidate_galleries\SLD12\R7_.png","1760"
"reports\stage510_visual_audit\candidate_galleries\SLD12\R8_.png","2532"
"reports\stage510_visual_audit\candidate_galleries\SLD12\R9_.png","1542"
"reports\stage510_visual_audit\candidate_galleries\SLD2\R10_.png","3411"
"reports\stage510_visual_audit\candidate_galleries\SLD2\R1_.png","3242"
"reports\stage510_visual_audit\candidate_galleries\SLD2\R2_.png","5792"
"reports\stage510_visual_audit\candidate_galleries\SLD2\R3_.png","2838"
"reports\stage510_visual_audit\candidate_galleries\SLD2\R4_.png","5750"
"reports\stage510_visual_audit\candidate_galleries\SLD2\R5_.png","3252"
"reports\stage510_visual_audit\candidate_galleries\SLD2\R6_.png","4932"
"reports\stage510_visual_audit\candidate_galleries\SLD2\R7_.png","4077"
"reports\stage510_visual_audit\candidate_galleries\SLD2\R8_.png","3391"
"reports\stage510_visual_audit\candidate_galleries\SLD2\R9_.png","3963"
"reports\stage510_visual_audit\candidate_galleries\SLD3\R10_.png","1144"
"reports\stage510_visual_audit\candidate_galleries\SLD3\R1_.png","820"
"reports\stage510_visual_audit\candidate_galleries\SLD3\R2_.png","5265"
"reports\stage510_visual_audit\candidate_galleries\SLD3\R3_.png","2169"
"reports\stage510_visual_audit\candidate_galleries\SLD3\R4_.png","6922"
"reports\stage510_visual_audit\candidate_galleries\SLD3\R5_.png","4484"
"reports\stage510_visual_audit\candidate_galleries\SLD3\R6_.png","2176"
"reports\stage510_visual_audit\candidate_galleries\SLD3\R7_.png","5638"
"reports\stage510_visual_audit\candidate_galleries\SLD3\R8_.png","2826"
"reports\stage510_visual_audit\candidate_galleries\SLD3\R9_.png","1251"
"reports\stage510_visual_audit\candidate_galleries\SLD4\R10_.png","4305"
"reports\stage510_visual_audit\candidate_galleries\SLD4\R1_.png","4881"
"reports\stage510_visual_audit\candidate_galleries\SLD4\R2_.png","4486"
"reports\stage510_visual_audit\candidate_galleries\SLD4\R3_.png","3983"
"reports\stage510_visual_audit\candidate_galleries\SLD4\R4_.png","4866"
"reports\stage510_visual_audit\candidate_galleries\SLD4\R5_.png","5502"
"reports\stage510_visual_audit\candidate_galleries\SLD4\R6_.png","5002"
"reports\stage510_visual_audit\candidate_galleries\SLD4\R7_.png","1596"
"reports\stage510_visual_audit\candidate_galleries\SLD4\R8_.png","4039"
"reports\stage510_visual_audit\candidate_galleries\SLD4\R9_.png","2219"
"reports\stage510_visual_audit\candidate_galleries\SLD7\R10_.png","1640"
"reports\stage510_visual_audit\candidate_galleries\SLD7\R1_.png","1923"
"reports\stage510_visual_audit\candidate_galleries\SLD7\R2_.png","2714"
"reports\stage510_visual_audit\candidate_galleries\SLD7\R3_.png","6035"
"reports\stage510_visual_audit\candidate_galleries\SLD7\R4_.png","4489"
"reports\stage510_visual_audit\candidate_galleries\SLD7\R5_.png","728"
"reports\stage510_visual_audit\candidate_galleries\SLD7\R6_.png","2338"
"reports\stage510_visual_audit\candidate_galleries\SLD7\R7_.png","730"
"reports\stage510_visual_audit\candidate_galleries\SLD7\R8_.png","2517"
"reports\stage510_visual_audit\candidate_galleries\SLD7\R9_.png","3093"
"reports\stage510_visual_audit\candidate_galleries\SLD8\R10_.png","1449"
"reports\stage510_visual_audit\candidate_galleries\SLD8\R1_.png","4602"
"reports\stage510_visual_audit\candidate_galleries\SLD8\R2_.png","4903"
"reports\stage510_visual_audit\candidate_galleries\SLD8\R3_.png","2872"
"reports\stage510_visual_audit\candidate_galleries\SLD8\R4_.png","3333"
"reports\stage510_visual_audit\candidate_galleries\SLD8\R5_.png","2086"
"reports\stage510_visual_audit\candidate_galleries\SLD8\R6_.png","3243"
"reports\stage510_visual_audit\candidate_galleries\SLD8\R7_.png","1422"
"reports\stage510_visual_audit\candidate_galleries\SLD8\R8_.png","3464"
"reports\stage510_visual_audit\candidate_galleries\SLD8\R9_.png","2004"
"reports\stage510_visual_audit\candidate_galleries\SLD9\R10_.png","1866"
"reports\stage510_visual_audit\candidate_galleries\SLD9\R4_.png","4221"
"reports\stage510_visual_audit\candidate_galleries\SLD9\R7_.png","3683"
"reports\stage59b_simulated_rankings\EXP_B.csv","7452158"
"reports\stage59b_simulated_rankings\EXP_D.csv","7452570"
"reports\stage59b_simulated_rankings\EXP_E.csv","7451473"
"reports\stage59_experimental_rankings\BASE.csv","6629659"
"reports\stage59_experimental_rankings\EXP_A.csv","6499326"
"reports\stage59_experimental_rankings\EXP_B.csv","6619527"
"reports\stage59_experimental_rankings\EXP_C.csv","6638058"
"reports\stage59_experimental_rankings\EXP_D.csv","6629826"
"reports\structural_discriminators\stage58_architectural_verdict.md","1076"
"reports\structural_discriminators\stage58_dataset_summary.md","685"
"reports\structural_discriminators\stage59a_best_consistency_metric.md","745"
"reports\structural_discriminators\stage59a_exploration_verdict.md","1651"
"reports\structural_discriminators\stage59a_false_positive_composition_check.md","775"
"reports\structural_discriminators\stage59a_input_validation.md","56"
"reports\structural_discriminators\stage59a_ranking_recovery.md","1109"
"reports\structural_discriminators\stage59a_separability_analysis.md","949"
"reports\structural_discriminators\stage59a_template_stroke_baseline.md","864"
"reports\structural_discriminators\stage59b_architectural_verdict.md","1090"
"reports\structural_discriminators\stage59b_best_experiment_selection.md","1036"
"reports\structural_discriminators\stage59b_dataset_summary.md","637"
"reports\structural_discriminators\stage59b_existence_leaderboard.md","1618"
"reports\structural_discriminators\stage59b_feature_extraction_methodology.md","187"
"reports\structural_discriminators\stage59b_feature_separability.md","1786"
"reports\structural_discriminators\stage59b_groupD_validation.md","927"
"reports\structural_discriminators\stage59b_input_validation.md","524"
"reports\structural_discriminators\structural_dominance_assessment.md","1053"
"reports\structural_discriminators\structural_feature_statistics.md","765"
"reports\structural_discriminators\structural_separability_assessment.md","1857"
"reports\structural_discriminators\structural_signal_audit.md","1379"
"reports\summaries\association_radius_justification.md","2671"
"reports\summaries\association_radius_sensitivity.md","851"
"reports\summaries\audit_candidate_dataset.md","3772"
"reports\summaries\audit_dataset_traceability.md","2805"
"reports\summaries\baseline_edge_generation_audit.md","3766"
"reports\summaries\baseline_template_metrics.md","1179"
"reports\summaries\blur_comparison.md","1191"
"reports\summaries\candidate_extraction_rationale.md","3675"
"reports\summaries\chamfer_complexity_analysis.md","2528"
"reports\summaries\chamfer_readiness_assessment.md","4271"
"reports\summaries\chamfer_score_map_validation.md","57994"
"reports\summaries\chamfer_scoring_validation.md","1913"
"reports\summaries\competitor_analysis.md","923"
"reports\summaries\competitor_scale_analysis.md","1188"
"reports\summaries\coverage_chamfer_relationship.md","3818"
"reports\summaries\coverage_discriminative_power_assessment.md","3435"
"reports\summaries\coverage_distribution_analysis.md","2904"
"reports\summaries\coverage_failure_mechanism_analysis.md","3499"
"reports\summaries\coverage_normalization_experiments.md","1835"
"reports\summaries\coverage_separability_analysis.md","2360"
"reports\summaries\d3_parameter_freeze.md","1995"
"reports\summaries\d3_parameter_source.md","3113"
"reports\summaries\dataset_audit.md","1758"
"reports\summaries\detection_ceiling_analysis.md","762"
"reports\summaries\discriminative_signal_comparison.md","2055"
"reports\summaries\discriminator_leaderboard.md","2322"
"reports\summaries\discriminator_redundancy_analysis.md","2826"
"reports\summaries\discriminator_simulation_eligibility.md","2445"
"reports\summaries\distance_transform_validation.md","1984"
"reports\summaries\edge_comparison.md","1341"
"reports\summaries\failure_mode_summary.md","56"
"reports\summaries\false_positive_dominance_analysis.md","708"
"reports\summaries\false_positive_review_instructions.md","234"
"reports\summaries\feature_separability_audit.md","5375"
"reports\summaries\final_preprocessing_config.md","4167"
"reports\summaries\missing_signal_assessment.md","1024"
"reports\summaries\observed_scale_distribution.md","1244"
"reports\summaries\prd_scale_assumption_audit.md","5671"
"reports\summaries\prd_scale_dependency_analysis.md","6139"
"reports\summaries\prd_scale_evidence_audit.md","4591"
"reports\summaries\prd_scale_range_provenance.md","8227"
"reports\summaries\prd_scale_range_validation.md","415"
"reports\summaries\prd_scale_rationale_analysis.md","4886"
"reports\summaries\prd_scale_references.md","12519"
"reports\summaries\prd_scale_support_assessment.md","4053"
"reports\summaries\reference_template_dimensions.md","215"
"reports\summaries\representation_assessment.md","2902"
"reports\summaries\root_cause_analysis.md","1381"
"reports\summaries\scale_bias_analysis.md","1900"
"reports\summaries\scale_distribution_analysis.md","666"
"reports\summaries\scale_performance_correlation.md","483"
"reports\summaries\scale_regime_statistics.md","456"
"reports\summaries\score_gap_analysis.md","1266"
"reports\summaries\score_map_storage_audit.md","3018"
"reports\summaries\sld_scale_performance_comparison.md","722"
"reports\summaries\symbol_report.md","1291"
"reports\summaries\template_bank_comparison.md","4675"
"reports\summaries\template_bank_reproduction_check.md","1478"
"reports\summaries\template_bank_revalidation.md","5473"
"reports\summaries\template_bank_statistics.md","859"
"reports\summaries\template_bank_validation.md","4466"
"reports\summaries\template_bank_version.md","696"
"reports\summaries\template_characterization.md","835"
"reports\summaries\template_generation_strategy_comparison.md","4152"
"reports\summaries\template_manifest_revalidation.md","820"
"reports\summaries\template_manifest_validation.md","369"
"reports\summaries\template_retention_analysis.md","2952"
"reports\summaries\template_similarity_statistics.md","766"
"reports\summaries\template_sweep_statistics.md","1883"
"reports\summaries\topology_preservation_analysis.md","1998"
"reports\summaries\verification_feature_contribution.md","1512"
"reports\summaries\verification_score_distribution.md","767"
"reports\summaries\worst_case_analysis.md","183"
"reports\template_bank_forensics\forensic_scale_0.150.png","70547"
"reports\template_bank_forensics\forensic_scale_0.178.png","66883"
"reports\template_bank_forensics\forensic_scale_0.206.png","71714"
"reports\template_bank_forensics\forensic_scale_0.233.png","72733"
"reports\template_bank_forensics\forensic_scale_0.261.png","70820"
"reports\template_bank_forensics\forensic_scale_0.289.png","71194"
"reports\template_bank_forensics\forensic_scale_0.317.png","73739"
"reports\template_bank_forensics\forensic_scale_0.344.png","74293"
"reports\template_bank_forensics\forensic_scale_0.372.png","78584"
"reports\template_bank_forensics\forensic_scale_0.400.png","73952"
"reports\template_bank_visual_validation\visual_scale_0.150.png","34867"
"reports\template_bank_visual_validation\visual_scale_0.289.png","35466"
"reports\template_bank_visual_validation\visual_scale_0.400.png","35615"
"reports\template_generation_forensics\method_method_a\scale_0.093.png","66460"
"reports\template_generation_forensics\method_method_a\scale_0.100.png","65263"
"reports\template_generation_forensics\method_method_a\scale_0.150.png","65463"
"reports\template_generation_forensics\method_method_a\scale_0.200.png","66219"
"reports\template_generation_forensics\method_method_a\scale_0.250.png","68302"
"reports\template_generation_forensics\method_method_a\scale_0.300.png","62842"
"reports\template_generation_forensics\method_method_a\scale_0.350.png","73398"
"reports\template_generation_forensics\method_method_a\scale_0.400.png","76596"
"reports\template_generation_forensics\method_method_b\scale_0.093.png","68410"
"reports\template_generation_forensics\method_method_b\scale_0.100.png","67372"
"reports\template_generation_forensics\method_method_b\scale_0.150.png","64722"
"reports\template_generation_forensics\method_method_b\scale_0.200.png","59242"
"reports\template_generation_forensics\method_method_b\scale_0.250.png","67497"
"reports\template_generation_forensics\method_method_b\scale_0.300.png","75877"
"reports\template_generation_forensics\method_method_b\scale_0.350.png","82285"
"reports\template_generation_forensics\method_method_b\scale_0.400.png","73479"
"reports\template_generation_forensics\method_method_c\scale_0.093.png","68630"
"reports\template_generation_forensics\method_method_c\scale_0.100.png","67589"
"reports\template_generation_forensics\method_method_c\scale_0.150.png","80968"
"reports\template_generation_forensics\method_method_c\scale_0.200.png","82983"
"reports\template_generation_forensics\method_method_c\scale_0.250.png","74906"
"reports\template_generation_forensics\method_method_c\scale_0.300.png","78167"
"reports\template_generation_forensics\method_method_c\scale_0.350.png","77104"
"reports\template_generation_forensics\method_method_c\scale_0.400.png","83366"
"reports\template_generation_forensics\method_method_d1\scale_0.093.png","70607"
"reports\template_generation_forensics\method_method_d1\scale_0.100.png","69499"
"reports\template_generation_forensics\method_method_d1\scale_0.150.png","81666"
"reports\template_generation_forensics\method_method_d1\scale_0.200.png","85145"
"reports\template_generation_forensics\method_method_d1\scale_0.250.png","74936"
"reports\template_generation_forensics\method_method_d1\scale_0.300.png","81719"
"reports\template_generation_forensics\method_method_d1\scale_0.350.png","77003"
"reports\template_generation_forensics\method_method_d1\scale_0.400.png","81175"
"reports\template_generation_forensics\method_method_d2\scale_0.093.png","70318"
"reports\template_generation_forensics\method_method_d2\scale_0.100.png","69177"
"reports\template_generation_forensics\method_method_d2\scale_0.150.png","81393"
"reports\template_generation_forensics\method_method_d2\scale_0.200.png","84882"
"reports\template_generation_forensics\method_method_d2\scale_0.250.png","74611"
"reports\template_generation_forensics\method_method_d2\scale_0.300.png","81449"
"reports\template_generation_forensics\method_method_d2\scale_0.350.png","76777"
"reports\template_generation_forensics\method_method_d2\scale_0.400.png","80845"
"reports\template_generation_forensics\method_method_d3\scale_0.093.png","70645"
"reports\template_generation_forensics\method_method_d3\scale_0.100.png","69557"
"reports\template_generation_forensics\method_method_d3\scale_0.150.png","81022"
"reports\template_generation_forensics\method_method_d3\scale_0.200.png","83399"
"reports\template_generation_forensics\method_method_d3\scale_0.250.png","74768"
"reports\template_generation_forensics\method_method_d3\scale_0.300.png","80839"
"reports\template_generation_forensics\method_method_d3\scale_0.350.png","76600"
"reports\template_generation_forensics\method_method_d3\scale_0.400.png","81195"
"reports\template_generation_forensics\method_method_e\scale_0.100.png","64501"
"reports\template_generation_forensics\method_method_e\scale_0.150.png","78501"
"reports\template_generation_forensics\method_method_e\scale_0.200.png","84404"
"reports\template_generation_forensics\method_method_e\scale_0.250.png","72728"
"reports\template_generation_forensics\method_method_e\scale_0.300.png","78996"
"reports\template_generation_forensics\method_method_e\scale_0.350.png","76335"
"reports\template_generation_forensics\method_method_e\scale_0.400.png","80664"
"reports\verification_cascades\degradation_threshold.md","541"
"reports\verification_cascades\stage510_best_cascade_selection.md","733"
"reports\verification_cascades\stage510_candidate_accounting_audit.md","542"
"reports\verification_cascades\stage510_cascade_attribution.md","797"
"reports\verification_cascades\stage510_cascade_evaluation.md","825"
"reports\verification_cascades\stage510_cascade_registry.md","781"
"reports\verification_cascades\stage510_false_rejection_analysis.md","1737"
"reports\verification_cascades\stage510_feature_reuse_analysis.md","1688"
"reports\verification_cascades\stage510_gate_registry.md","3343"
"reports\verification_cascades\stage510_gate_viability_assessment.md","1399"
"reports\verification_cascades\stage510_production_feasibility.md","742"
"reports\verification_cascades\stage510_regimeD_false_rejection_analysis.md","815"
"reports\verification_cascades\stage510_safe_operating_regions.md","872"
"reports\verification_cascades\stage510_stage6_readiness_gate.md","1117"
"reports\verification_cascades\stage510_threshold_feasibility.md","1076"
"reports\verification_cascades\stage510_threshold_stability.md","815"
"reports\verification_cascades\stage510_threshold_utility_ranking.md","1721"
"reports\verification_cascades\stage510_visual_audit_architectural_verdict.md","1617"
"reports\verification_cascades\stage510_visual_audit_input_validation.md","67"
"reports\verification_cascades\stage510_visual_audit_pipeline_selection.md","315"
"reports\verification_cascades\stage510_visual_forensics.md","33"
"reports\verification_cascades\threshold_comparison.md","3647"
"src\candidate_generation\edge_detection.py","1134"
"src\common\io_utils.py","1182"
"src\common\logging_utils.py","486"
"src\exploration\nms_diagnostic_evaluation.py","46288"
"src\exploration\unified_pipeline_benchmark.py","37593"
"src\pipeline\annotation_exporter.py","2765"
"src\pipeline\annotation_viewer.py","3004"
"src\pipeline\archive_legacy_bank.py","3949"
"src\pipeline\characterize.py","3322"
"src\pipeline\denoise.py","727"
"src\pipeline\distance_transform_validation.py","4257"
"src\pipeline\empirical_survey.py","9809"
"src\pipeline\grayscale.py","1044"
"src\pipeline\image_loader.py","645"
"src\pipeline\investigate.py","10124"
"src\pipeline\main.py","2064"
"src\pipeline\manual_annotator.py","7666"
"src\pipeline\pipeline.py","2325"
"src\pipeline\pyramid.py","9019"
"src\pipeline\readiness.py","2228"
"src\pipeline\revalidate_and_compare.py","26085"
"src\pipeline\thresholding.py","792"
"src\pipeline\validate.py","8851"
"src\pipeline\validate_architecture.py","27440"
"src\template_matching\chamfer_matching.py","13200"
"src\template_matching\chamfer_score_map_validation.py","4880"
"src\verification\coverage_audit.py","64361"
"src\verification\coverage_rescoring.py","13629"
"src\verification\structural_verification.py","21348"
"src\visualization\visualization.py","1316"
